modele;table;champ;type;nullable;classe;protection_applicative;index_ou_cle;finalite_reference
PrivacyAuditEvent;PrivacyAuditEvent;id;String;false;trace_copie_integration;volume_chiffre_requis_ou_donnee_publique;true;docs/rgpd/cartographie.md
PrivacyAuditEvent;PrivacyAuditEvent;actor;String;false;trace_copie_integration;volume_chiffre_requis_ou_donnee_publique;true;docs/rgpd/cartographie.md
PrivacyAuditEvent;PrivacyAuditEvent;action;String;false;trace_copie_integration;volume_chiffre_requis_ou_donnee_publique;false;docs/rgpd/cartographie.md
PrivacyAuditEvent;PrivacyAuditEvent;target;String;false;trace_copie_integration;volume_chiffre_requis_ou_donnee_publique;false;docs/rgpd/cartographie.md
PrivacyAuditEvent;PrivacyAuditEvent;outcome;String;false;trace_copie_integration;volume_chiffre_requis_ou_donnee_publique;false;docs/rgpd/cartographie.md
PrivacyAuditEvent;PrivacyAuditEvent;integrity;String;false;trace_copie_integration;volume_chiffre_requis_ou_donnee_publique;false;docs/rgpd/cartographie.md
PrivacyAuditEvent;PrivacyAuditEvent;createdAt;DateTime;false;trace_copie_integration;volume_chiffre_requis_ou_donnee_publique;true;docs/rgpd/cartographie.md
ErasureRecord;ErasureRecord;id;String;false;trace_copie_integration;volume_chiffre_requis_ou_donnee_publique;true;docs/rgpd/cartographie.md
ErasureRecord;ErasureRecord;subjectId;String;false;trace_copie_integration;volume_chiffre_requis_ou_donnee_publique;true;docs/rgpd/cartographie.md
ErasureRecord;ErasureRecord;scope;String;false;trace_copie_integration;volume_chiffre_requis_ou_donnee_publique;true;docs/rgpd/cartographie.md
ErasureRecord;ErasureRecord;erasedAt;DateTime;false;trace_copie_integration;volume_chiffre_requis_ou_donnee_publique;true;docs/rgpd/cartographie.md
PrivacyErasureRequest;PrivacyErasureRequest;userId;String;false;trace_copie_integration;volume_chiffre_requis_ou_donnee_publique;true;docs/rgpd/cartographie.md
PrivacyErasureRequest;PrivacyErasureRequest;status;String;false;trace_copie_integration;volume_chiffre_requis_ou_donnee_publique;true;docs/rgpd/cartographie.md
PrivacyErasureRequest;PrivacyErasureRequest;requestedAt;DateTime;false;trace_copie_integration;volume_chiffre_requis_ou_donnee_publique;true;docs/rgpd/cartographie.md
PrivacyErasureRequest;PrivacyErasureRequest;completedAt;DateTime?;true;trace_copie_integration;volume_chiffre_requis_ou_donnee_publique;false;docs/rgpd/cartographie.md
PrivacyLegalHold;PrivacyLegalHold;id;String;false;trace_copie_integration;volume_chiffre_requis_ou_donnee_publique;true;docs/rgpd/cartographie.md
PrivacyLegalHold;PrivacyLegalHold;model;String;false;trace_copie_integration;volume_chiffre_requis_ou_donnee_publique;true;docs/rgpd/cartographie.md
PrivacyLegalHold;PrivacyLegalHold;recordId;String;false;trace_copie_integration;volume_chiffre_requis_ou_donnee_publique;true;docs/rgpd/cartographie.md
PrivacyLegalHold;PrivacyLegalHold;reason;String;false;trace_copie_integration;volume_chiffre_requis_ou_donnee_publique;false;docs/rgpd/cartographie.md
PrivacyLegalHold;PrivacyLegalHold;createdBy;String;false;trace_copie_integration;volume_chiffre_requis_ou_donnee_publique;false;docs/rgpd/cartographie.md
PrivacyLegalHold;PrivacyLegalHold;expiresAt;DateTime;false;trace_copie_integration;volume_chiffre_requis_ou_donnee_publique;true;docs/rgpd/cartographie.md
PrivacyLegalHold;PrivacyLegalHold;createdAt;DateTime;false;trace_copie_integration;volume_chiffre_requis_ou_donnee_publique;false;docs/rgpd/cartographie.md
User;User;id;String;false;identite_et_acces;volume_chiffre_requis_ou_donnee_publique;true;docs/rgpd/cartographie.md
User;User;email;String;false;identite_et_acces;volume_chiffre_requis_ou_donnee_publique;true;docs/rgpd/cartographie.md
User;User;name;String?;true;identite_et_acces;volume_chiffre_requis_ou_donnee_publique;false;docs/rgpd/cartographie.md
User;User;passwordHash;String;false;identite_et_acces;empreinte;false;docs/rgpd/cartographie.md
User;User;emailVerified;Boolean;false;identite_et_acces;volume_chiffre_requis_ou_donnee_publique;false;docs/rgpd/cartographie.md
User;User;emailTokenHash;String?;true;identite_et_acces;empreinte;true;docs/rgpd/cartographie.md
User;User;emailTokenExpiresAt;DateTime?;true;identite_et_acces;volume_chiffre_requis_ou_donnee_publique;false;docs/rgpd/cartographie.md
User;User;resetTokenHash;String?;true;identite_et_acces;empreinte;true;docs/rgpd/cartographie.md
User;User;resetTokenExpiresAt;DateTime?;true;identite_et_acces;volume_chiffre_requis_ou_donnee_publique;false;docs/rgpd/cartographie.md
User;User;passwordChangedAt;DateTime?;true;identite_et_acces;volume_chiffre_requis_ou_donnee_publique;false;docs/rgpd/cartographie.md
User;User;isSystemAdmin;Boolean;false;identite_et_acces;volume_chiffre_requis_ou_donnee_publique;false;docs/rgpd/cartographie.md
User;User;isSuperOwner;Boolean;false;identite_et_acces;volume_chiffre_requis_ou_donnee_publique;false;docs/rgpd/cartographie.md
User;User;accesEquipe;AccesEquipe[];false;identite_et_acces;relation_autorisee;false;docs/rgpd/cartographie.md
User;User;status;String;false;identite_et_acces;volume_chiffre_requis_ou_donnee_publique;false;docs/rgpd/cartographie.md
User;User;memberships;Membership[];false;identite_et_acces;relation_autorisee;false;docs/rgpd/cartographie.md
User;User;auditLogs;SystemAuditLog[];false;identite_et_acces;relation_autorisee;false;docs/rgpd/cartographie.md
User;User;driver;Courier?;true;identite_et_acces;relation_autorisee;false;docs/rgpd/cartographie.md
User;User;chauffeurDrive;ChauffeurDrive?;true;identite_et_acces;relation_autorisee;false;docs/rgpd/cartographie.md
User;User;societeDrive;SocieteDrive?;true;identite_et_acces;relation_autorisee;false;docs/rgpd/cartographie.md
User;User;coursesDrive;CourseDrive[];false;identite_et_acces;relation_autorisee;false;docs/rgpd/cartographie.md
User;User;notesRecuesDrive;NoteCourseDrive[];false;identite_et_acces;relation_autorisee;false;docs/rgpd/cartographie.md
User;User;ratingsGiven;RatingCourseDrive[];false;identite_et_acces;relation_autorisee;false;docs/rgpd/cartographie.md
User;User;paymentsIntentDrive;PaymentIntentDrive[];false;identite_et_acces;relation_autorisee;false;docs/rgpd/cartographie.md
User;User;adressesFavoritesDrive;AdresseFavoriteDrive[];false;identite_et_acces;relation_autorisee;false;docs/rgpd/cartographie.md
User;User;contactConfianceDrive;ContactConfianceDrive?;true;identite_et_acces;relation_autorisee;false;docs/rgpd/cartographie.md
User;User;alertesSosDrive;AlerteSosDrive[];false;identite_et_acces;relation_autorisee;false;docs/rgpd/cartographie.md
User;User;notificationsDrive;NotificationDrive[];false;identite_et_acces;relation_autorisee;false;docs/rgpd/cartographie.md
User;User;customer;Customer?;true;identite_et_acces;relation_autorisee;false;docs/rgpd/cartographie.md
User;User;ticketMessages;TicketMessage[];false;identite_et_acces;relation_autorisee;false;docs/rgpd/cartographie.md
User;User;pushDevices;PushDevice[];false;identite_et_acces;relation_autorisee;false;docs/rgpd/cartographie.md
User;User;sessionsConnexion;SessionConnexion[];false;identite_et_acces;relation_autorisee;false;docs/rgpd/cartographie.md
User;User;mfaFactor;MfaFactor?;true;identite_et_acces;relation_autorisee;false;docs/rgpd/cartographie.md
User;User;assistantConversations;AssistantConversation[];false;identite_et_acces;relation_autorisee;false;docs/rgpd/cartographie.md
User;User;createdAt;DateTime;false;identite_et_acces;volume_chiffre_requis_ou_donnee_publique;false;docs/rgpd/cartographie.md
User;User;updatedAt;DateTime;false;identite_et_acces;volume_chiffre_requis_ou_donnee_publique;false;docs/rgpd/cartographie.md
AssistantConversation;AssistantConversation;id;String;false;metier_revue_contexte;volume_chiffre_requis_ou_donnee_publique;true;docs/rgpd/cartographie.md
AssistantConversation;AssistantConversation;ownerId;String?;true;metier_revue_contexte;volume_chiffre_requis_ou_donnee_publique;true;docs/rgpd/cartographie.md
AssistantConversation;AssistantConversation;owner;User?;true;metier_revue_contexte;relation_autorisee;false;docs/rgpd/cartographie.md
AssistantConversation;AssistantConversation;guestHash;String?;true;metier_revue_contexte;empreinte;true;docs/rgpd/cartographie.md
AssistantConversation;AssistantConversation;host;String;false;metier_revue_contexte;volume_chiffre_requis_ou_donnee_publique;true;docs/rgpd/cartographie.md
AssistantConversation;AssistantConversation;service;String;false;metier_revue_contexte;volume_chiffre_requis_ou_donnee_publique;false;docs/rgpd/cartographie.md
AssistantConversation;AssistantConversation;category;String?;true;metier_revue_contexte;volume_chiffre_requis_ou_donnee_publique;false;docs/rgpd/cartographie.md
AssistantConversation;AssistantConversation;agentId;String?;true;metier_revue_contexte;volume_chiffre_requis_ou_donnee_publique;false;docs/rgpd/cartographie.md
AssistantConversation;AssistantConversation;orgId;String?;true;metier_revue_contexte;volume_chiffre_requis_ou_donnee_publique;false;docs/rgpd/cartographie.md
AssistantConversation;AssistantConversation;storeId;String?;true;metier_revue_contexte;volume_chiffre_requis_ou_donnee_publique;false;docs/rgpd/cartographie.md
AssistantConversation;AssistantConversation;segment;Int;false;metier_revue_contexte;volume_chiffre_requis_ou_donnee_publique;false;docs/rgpd/cartographie.md
AssistantConversation;AssistantConversation;revision;Int;false;metier_revue_contexte;volume_chiffre_requis_ou_donnee_publique;false;docs/rgpd/cartographie.md
AssistantConversation;AssistantConversation;state;String;false;metier_revue_contexte;volume_chiffre_requis_ou_donnee_publique;false;docs/rgpd/cartographie.md
AssistantConversation;AssistantConversation;busyUntil;DateTime?;true;metier_revue_contexte;volume_chiffre_requis_ou_donnee_publique;false;docs/rgpd/cartographie.md
AssistantConversation;AssistantConversation;expiresAt;DateTime;false;metier_revue_contexte;volume_chiffre_requis_ou_donnee_publique;true;docs/rgpd/cartographie.md
AssistantConversation;AssistantConversation;messages;AssistantMessage[];false;metier_revue_contexte;relation_autorisee;false;docs/rgpd/cartographie.md
AssistantConversation;AssistantConversation;actions;AssistantAction[];false;metier_revue_contexte;relation_autorisee;false;docs/rgpd/cartographie.md
AssistantConversation;AssistantConversation;executions;AssistantToolExecution[];false;metier_revue_contexte;relation_autorisee;false;docs/rgpd/cartographie.md
AssistantConversation;AssistantConversation;handoffs;AssistantHandoff[];false;metier_revue_contexte;relation_autorisee;false;docs/rgpd/cartographie.md
AssistantConversation;AssistantConversation;createdAt;DateTime;false;metier_revue_contexte;volume_chiffre_requis_ou_donnee_publique;false;docs/rgpd/cartographie.md
AssistantConversation;AssistantConversation;updatedAt;DateTime;false;metier_revue_contexte;volume_chiffre_requis_ou_donnee_publique;true;docs/rgpd/cartographie.md
AssistantMessage;AssistantMessage;id;String;false;metier_revue_contexte;volume_chiffre_requis_ou_donnee_publique;true;docs/rgpd/cartographie.md
AssistantMessage;AssistantMessage;conversationId;String;false;metier_revue_contexte;volume_chiffre_requis_ou_donnee_publique;true;docs/rgpd/cartographie.md
AssistantMessage;AssistantMessage;conversation;AssistantConversation;false;metier_revue_contexte;relation_autorisee;false;docs/rgpd/cartographie.md
AssistantMessage;AssistantMessage;clientKey;String;false;metier_revue_contexte;volume_chiffre_requis_ou_donnee_publique;true;docs/rgpd/cartographie.md
AssistantMessage;AssistantMessage;author;String;false;metier_revue_contexte;volume_chiffre_requis_ou_donnee_publique;true;docs/rgpd/cartographie.md
AssistantMessage;AssistantMessage;content;String;false;metier_revue_contexte;volume_chiffre_requis_ou_donnee_publique;false;docs/rgpd/cartographie.md
AssistantMessage;AssistantMessage;service;String;false;metier_revue_contexte;volume_chiffre_requis_ou_donnee_publique;false;docs/rgpd/cartographie.md
AssistantMessage;AssistantMessage;agentId;String?;true;metier_revue_contexte;volume_chiffre_requis_ou_donnee_publique;false;docs/rgpd/cartographie.md
AssistantMessage;AssistantMessage;segment;Int;false;metier_revue_contexte;volume_chiffre_requis_ou_donnee_publique;true;docs/rgpd/cartographie.md
AssistantMessage;AssistantMessage;state;String;false;metier_revue_contexte;volume_chiffre_requis_ou_donnee_publique;false;docs/rgpd/cartographie.md
AssistantMessage;AssistantMessage;mode;String;false;metier_revue_contexte;volume_chiffre_requis_ou_donnee_publique;false;docs/rgpd/cartographie.md
AssistantMessage;AssistantMessage;createdAt;DateTime;false;metier_revue_contexte;volume_chiffre_requis_ou_donnee_publique;true;docs/rgpd/cartographie.md
AssistantAction;AssistantAction;id;String;false;metier_revue_contexte;volume_chiffre_requis_ou_donnee_publique;true;docs/rgpd/cartographie.md
AssistantAction;AssistantAction;conversationId;String;false;metier_revue_contexte;volume_chiffre_requis_ou_donnee_publique;true;docs/rgpd/cartographie.md
AssistantAction;AssistantAction;conversation;AssistantConversation;false;metier_revue_contexte;relation_autorisee;false;docs/rgpd/cartographie.md
AssistantAction;AssistantAction;actorId;String;false;metier_revue_contexte;volume_chiffre_requis_ou_donnee_publique;false;docs/rgpd/cartographie.md
AssistantAction;AssistantAction;tool;String;false;metier_revue_contexte;volume_chiffre_requis_ou_donnee_publique;false;docs/rgpd/cartographie.md
AssistantAction;AssistantAction;params;Json;false;metier_revue_contexte;volume_chiffre_requis_ou_donnee_publique;false;docs/rgpd/cartographie.md
AssistantAction;AssistantAction;target;String;false;metier_revue_contexte;volume_chiffre_requis_ou_donnee_publique;false;docs/rgpd/cartographie.md
AssistantAction;AssistantAction;summary;String;false;metier_revue_contexte;volume_chiffre_requis_ou_donnee_publique;false;docs/rgpd/cartographie.md
AssistantAction;AssistantAction;segment;Int;false;metier_revue_contexte;volume_chiffre_requis_ou_donnee_publique;false;docs/rgpd/cartographie.md
AssistantAction;AssistantAction;state;String;false;metier_revue_contexte;volume_chiffre_requis_ou_donnee_publique;true;docs/rgpd/cartographie.md
AssistantAction;AssistantAction;expiresAt;DateTime;false;metier_revue_contexte;volume_chiffre_requis_ou_donnee_publique;false;docs/rgpd/cartographie.md
AssistantAction;AssistantAction;confirmedAt;DateTime?;true;metier_revue_contexte;volume_chiffre_requis_ou_donnee_publique;false;docs/rgpd/cartographie.md
AssistantAction;AssistantAction;result;Json?;true;metier_revue_contexte;volume_chiffre_requis_ou_donnee_publique;false;docs/rgpd/cartographie.md
AssistantAction;AssistantAction;idempotencyKey;String;false;metier_revue_contexte;volume_chiffre_requis_ou_donnee_publique;true;docs/rgpd/cartographie.md
AssistantAction;AssistantAction;createdAt;DateTime;false;metier_revue_contexte;volume_chiffre_requis_ou_donnee_publique;false;docs/rgpd/cartographie.md
AssistantToolExecution;AssistantToolExecution;id;String;false;metier_revue_contexte;volume_chiffre_requis_ou_donnee_publique;true;docs/rgpd/cartographie.md
AssistantToolExecution;AssistantToolExecution;conversationId;String;false;metier_revue_contexte;volume_chiffre_requis_ou_donnee_publique;true;docs/rgpd/cartographie.md
AssistantToolExecution;AssistantToolExecution;conversation;AssistantConversation;false;metier_revue_contexte;relation_autorisee;false;docs/rgpd/cartographie.md
AssistantToolExecution;AssistantToolExecution;actorId;String?;true;metier_revue_contexte;volume_chiffre_requis_ou_donnee_publique;false;docs/rgpd/cartographie.md
AssistantToolExecution;AssistantToolExecution;tool;String;false;metier_revue_contexte;volume_chiffre_requis_ou_donnee_publique;false;docs/rgpd/cartographie.md
AssistantToolExecution;AssistantToolExecution;target;String?;true;metier_revue_contexte;volume_chiffre_requis_ou_donnee_publique;false;docs/rgpd/cartographie.md
AssistantToolExecution;AssistantToolExecution;status;String;false;metier_revue_contexte;volume_chiffre_requis_ou_donnee_publique;false;docs/rgpd/cartographie.md
AssistantToolExecution;AssistantToolExecution;code;String?;true;metier_revue_contexte;volume_chiffre_requis_ou_donnee_publique;false;docs/rgpd/cartographie.md
AssistantToolExecution;AssistantToolExecution;startedAt;DateTime;false;metier_revue_contexte;volume_chiffre_requis_ou_donnee_publique;true;docs/rgpd/cartographie.md
AssistantToolExecution;AssistantToolExecution;completedAt;DateTime;false;metier_revue_contexte;volume_chiffre_requis_ou_donnee_publique;false;docs/rgpd/cartographie.md
AssistantHandoff;AssistantHandoff;id;String;false;metier_revue_contexte;volume_chiffre_requis_ou_donnee_publique;true;docs/rgpd/cartographie.md
AssistantHandoff;AssistantHandoff;conversationId;String;false;metier_revue_contexte;volume_chiffre_requis_ou_donnee_publique;true;docs/rgpd/cartographie.md
AssistantHandoff;AssistantHandoff;conversation;AssistantConversation;false;metier_revue_contexte;relation_autorisee;false;docs/rgpd/cartographie.md
AssistantHandoff;AssistantHandoff;segment;Int;false;metier_revue_contexte;volume_chiffre_requis_ou_donnee_publique;true;docs/rgpd/cartographie.md
AssistantHandoff;AssistantHandoff;service;String;false;metier_revue_contexte;volume_chiffre_requis_ou_donnee_publique;true;docs/rgpd/cartographie.md
AssistantHandoff;AssistantHandoff;specialty;String;false;metier_revue_contexte;volume_chiffre_requis_ou_donnee_publique;false;docs/rgpd/cartographie.md
AssistantHandoff;AssistantHandoff;reason;String;false;metier_revue_contexte;volume_chiffre_requis_ou_donnee_publique;false;docs/rgpd/cartographie.md
AssistantHandoff;AssistantHandoff;priority;String;false;metier_revue_contexte;volume_chiffre_requis_ou_donnee_publique;false;docs/rgpd/cartographie.md
AssistantHandoff;AssistantHandoff;summary;String;false;metier_revue_contexte;volume_chiffre_requis_ou_donnee_publique;false;docs/rgpd/cartographie.md
AssistantHandoff;AssistantHandoff;verified;Boolean;false;metier_revue_contexte;volume_chiffre_requis_ou_donnee_publique;false;docs/rgpd/cartographie.md
AssistantHandoff;AssistantHandoff;ticketId;String?;true;metier_revue_contexte;volume_chiffre_requis_ou_donnee_publique;false;docs/rgpd/cartographie.md
AssistantHandoff;AssistantHandoff;state;String;false;metier_revue_contexte;volume_chiffre_requis_ou_donnee_publique;true;docs/rgpd/cartographie.md
AssistantHandoff;AssistantHandoff;reply;String?;true;metier_revue_contexte;volume_chiffre_requis_ou_donnee_publique;false;docs/rgpd/cartographie.md
AssistantHandoff;AssistantHandoff;repliedBy;String?;true;metier_revue_contexte;volume_chiffre_requis_ou_donnee_publique;false;docs/rgpd/cartographie.md
AssistantHandoff;AssistantHandoff;createdAt;DateTime;false;metier_revue_contexte;volume_chiffre_requis_ou_donnee_publique;true;docs/rgpd/cartographie.md
AssistantHandoff;AssistantHandoff;updatedAt;DateTime;false;metier_revue_contexte;volume_chiffre_requis_ou_donnee_publique;false;docs/rgpd/cartographie.md
PlatformRole;PlatformRole;plateforme;Plateforme;false;metier_revue_contexte;volume_chiffre_requis_ou_donnee_publique;true;docs/rgpd/cartographie.md
PlatformRole;PlatformRole;code;String;false;metier_revue_contexte;volume_chiffre_requis_ou_donnee_publique;true;docs/rgpd/cartographie.md
PlatformRole;PlatformRole;label;String;false;metier_revue_contexte;volume_chiffre_requis_ou_donnee_publique;false;docs/rgpd/cartographie.md
PlatformRole;PlatformRole;permissions;Json;false;metier_revue_contexte;volume_chiffre_requis_ou_donnee_publique;false;docs/rgpd/cartographie.md
PlatformRole;PlatformRole;createdAt;DateTime;false;metier_revue_contexte;volume_chiffre_requis_ou_donnee_publique;false;docs/rgpd/cartographie.md
PlatformRole;PlatformRole;updatedAt;DateTime;false;metier_revue_contexte;volume_chiffre_requis_ou_donnee_publique;false;docs/rgpd/cartographie.md
AccesEquipe;AccesEquipe;userId;String;false;identite_et_acces;volume_chiffre_requis_ou_donnee_publique;true;docs/rgpd/cartographie.md
AccesEquipe;AccesEquipe;plateforme;Plateforme;false;identite_et_acces;volume_chiffre_requis_ou_donnee_publique;true;docs/rgpd/cartographie.md
AccesEquipe;AccesEquipe;role;String;false;identite_et_acces;volume_chiffre_requis_ou_donnee_publique;true;docs/rgpd/cartographie.md
AccesEquipe;AccesEquipe;user;User;false;identite_et_acces;relation_autorisee;false;docs/rgpd/cartographie.md
AccesEquipe;AccesEquipe;createdAt;DateTime;false;identite_et_acces;volume_chiffre_requis_ou_donnee_publique;false;docs/rgpd/cartographie.md
AccesEquipe;AccesEquipe;updatedAt;DateTime;false;identite_et_acces;volume_chiffre_requis_ou_donnee_publique;false;docs/rgpd/cartographie.md
PushDevice;PushDevice;id;String;false;identite_et_acces;volume_chiffre_requis_ou_donnee_publique;true;docs/rgpd/cartographie.md
PushDevice;PushDevice;userId;String;false;identite_et_acces;volume_chiffre_requis_ou_donnee_publique;true;docs/rgpd/cartographie.md
PushDevice;PushDevice;token;String;false;identite_et_acces;volume_chiffre_requis_ou_donnee_publique;true;docs/rgpd/cartographie.md
PushDevice;PushDevice;platform;String?;true;identite_et_acces;volume_chiffre_requis_ou_donnee_publique;false;docs/rgpd/cartographie.md
PushDevice;PushDevice;app;String?;true;identite_et_acces;volume_chiffre_requis_ou_donnee_publique;false;docs/rgpd/cartographie.md
PushDevice;PushDevice;user;User;false;identite_et_acces;relation_autorisee;false;docs/rgpd/cartographie.md
PushDevice;PushDevice;createdAt;DateTime;false;identite_et_acces;volume_chiffre_requis_ou_donnee_publique;false;docs/rgpd/cartographie.md
PushDevice;PushDevice;updatedAt;DateTime;false;identite_et_acces;volume_chiffre_requis_ou_donnee_publique;false;docs/rgpd/cartographie.md
PlanTier;PlanTier;code;OrganizationTier;false;metier_revue_contexte;volume_chiffre_requis_ou_donnee_publique;true;docs/rgpd/cartographie.md
PlanTier;PlanTier;label;String;false;metier_revue_contexte;volume_chiffre_requis_ou_donnee_publique;false;docs/rgpd/cartographie.md
PlanTier;PlanTier;maxStores;Int;false;metier_revue_contexte;volume_chiffre_requis_ou_donnee_publique;false;docs/rgpd/cartographie.md
PlanTier;PlanTier;monthlyPrice;Decimal;false;metier_revue_contexte;volume_chiffre_requis_ou_donnee_publique;false;docs/rgpd/cartographie.md
PlanTier;PlanTier;commissionPercent;Decimal;false;metier_revue_contexte;volume_chiffre_requis_ou_donnee_publique;false;docs/rgpd/cartographie.md
PlanTier;PlanTier;platformDeliveryCommissionPercent;Decimal;false;metier_revue_contexte;volume_chiffre_requis_ou_donnee_publique;false;docs/rgpd/cartographie.md
PlanTier;PlanTier;features;Json;false;metier_revue_contexte;volume_chiffre_requis_ou_donnee_publique;false;docs/rgpd/cartographie.md
PlanTier;PlanTier;displayOrder;Int;false;metier_revue_contexte;volume_chiffre_requis_ou_donnee_publique;false;docs/rgpd/cartographie.md
PlanTier;PlanTier;createdAt;DateTime;false;metier_revue_contexte;volume_chiffre_requis_ou_donnee_publique;false;docs/rgpd/cartographie.md
PlanTier;PlanTier;updatedAt;DateTime;false;metier_revue_contexte;volume_chiffre_requis_ou_donnee_publique;false;docs/rgpd/cartographie.md
Organization;Organization;id;String;false;societe_et_representant;volume_chiffre_requis_ou_donnee_publique;true;docs/rgpd/cartographie.md
Organization;Organization;name;String;false;societe_et_representant;volume_chiffre_requis_ou_donnee_publique;false;docs/rgpd/cartographie.md
Organization;Organization;email;String?;true;societe_et_representant;volume_chiffre_requis_ou_donnee_publique;false;docs/rgpd/cartographie.md
Organization;Organization;slug;String;false;societe_et_representant;volume_chiffre_requis_ou_donnee_publique;true;docs/rgpd/cartographie.md
Organization;Organization;tier;OrganizationTier;false;societe_et_representant;volume_chiffre_requis_ou_donnee_publique;false;docs/rgpd/cartographie.md
Organization;Organization;plan;String;false;societe_et_representant;volume_chiffre_requis_ou_donnee_publique;false;docs/rgpd/cartographie.md
Organization;Organization;status;String;false;societe_et_representant;volume_chiffre_requis_ou_donnee_publique;true;docs/rgpd/cartographie.md
Organization;Organization;isDemo;Boolean;false;societe_et_representant;volume_chiffre_requis_ou_donnee_publique;false;docs/rgpd/cartographie.md
Organization;Organization;demoVisiteurHash;String?;true;societe_et_representant;empreinte;false;docs/rgpd/cartographie.md
Organization;Organization;demoActiviteAt;DateTime?;true;societe_et_representant;volume_chiffre_requis_ou_donnee_publique;false;docs/rgpd/cartographie.md
Organization;Organization;suspensionReason;String?;true;societe_et_representant;volume_chiffre_requis_ou_donnee_publique;false;docs/rgpd/cartographie.md
Organization;Organization;suspensionDate;DateTime?;true;societe_et_representant;volume_chiffre_requis_ou_donnee_publique;false;docs/rgpd/cartographie.md
Organization;Organization;closureReason;String?;true;societe_et_representant;volume_chiffre_requis_ou_donnee_publique;false;docs/rgpd/cartographie.md
Organization;Organization;closureDate;DateTime?;true;societe_et_representant;volume_chiffre_requis_ou_donnee_publique;false;docs/rgpd/cartographie.md
Organization;Organization;closedUntil;DateTime?;true;societe_et_representant;volume_chiffre_requis_ou_donnee_publique;true;docs/rgpd/cartographie.md
Organization;Organization;archiveBackupId;String?;true;societe_et_representant;volume_chiffre_requis_ou_donnee_publique;false;docs/rgpd/cartographie.md
Organization;Organization;isArchivedPermanently;Boolean;false;societe_et_representant;volume_chiffre_requis_ou_donnee_publique;false;docs/rgpd/cartographie.md
Organization;Organization;legalName;String?;true;societe_et_representant;volume_chiffre_requis_ou_donnee_publique;false;docs/rgpd/cartographie.md
Organization;Organization;vatNumber;String?;true;societe_et_representant;AES-256-GCM;false;docs/rgpd/cartographie.md
Organization;Organization;registrationNumber;String?;true;societe_et_representant;AES-256-GCM;false;docs/rgpd/cartographie.md
Organization;Organization;billingAddress;String?;true;societe_et_representant;AES-256-GCM;false;docs/rgpd/cartographie.md
Organization;Organization;billingPostalCode;String?;true;societe_et_representant;AES-256-GCM;false;docs/rgpd/cartographie.md
Organization;Organization;billingCity;String?;true;societe_et_representant;AES-256-GCM;false;docs/rgpd/cartographie.md
Organization;Organization;billingCountry;String?;true;societe_et_representant;volume_chiffre_requis_ou_donnee_publique;false;docs/rgpd/cartographie.md
Organization;Organization;peppolId;String?;true;societe_et_representant;volume_chiffre_requis_ou_donnee_publique;false;docs/rgpd/cartographie.md
Organization;Organization;ownerFirstName;String?;true;societe_et_representant;AES-256-GCM;false;docs/rgpd/cartographie.md
Organization;Organization;ownerLastName;String?;true;societe_et_representant;AES-256-GCM;false;docs/rgpd/cartographie.md
Organization;Organization;ownerEmail;String?;true;societe_et_representant;AES-256-GCM;false;docs/rgpd/cartographie.md
Organization;Organization;ownerPhone;String?;true;societe_et_representant;AES-256-GCM;false;docs/rgpd/cartographie.md
Organization;Organization;ownerBirthDate;DateTime?;true;societe_et_representant;volume_chiffre_requis_ou_donnee_publique;false;docs/rgpd/cartographie.md
Organization;Organization;iban;String?;true;societe_et_representant;AES-256-GCM;false;docs/rgpd/cartographie.md
Organization;Organization;bic;String?;true;societe_et_representant;AES-256-GCM;false;docs/rgpd/cartographie.md
Organization;Organization;accountHolder;String?;true;societe_et_representant;AES-256-GCM;false;docs/rgpd/cartographie.md
Organization;Organization;commissionFreeActive;Boolean;false;societe_et_representant;volume_chiffre_requis_ou_donnee_publique;false;docs/rgpd/cartographie.md
Organization;Organization;commissionFreeUntil;DateTime?;true;societe_et_representant;volume_chiffre_requis_ou_donnee_publique;false;docs/rgpd/cartographie.md
Organization;Organization;commissionFreeNote;String?;true;societe_et_representant;volume_chiffre_requis_ou_donnee_publique;false;docs/rgpd/cartographie.md
Organization;Organization;customCommissionPercent;Decimal?;true;societe_et_representant;volume_chiffre_requis_ou_donnee_publique;false;docs/rgpd/cartographie.md
Organization;Organization;customPlatformDeliveryCommissionPercent;Decimal?;true;societe_et_representant;volume_chiffre_requis_ou_donnee_publique;false;docs/rgpd/cartographie.md
Organization;Organization;customMaxStores;Int?;true;societe_et_representant;volume_chiffre_requis_ou_donnee_publique;false;docs/rgpd/cartographie.md
Organization;Organization;customMonthlyPrice;Decimal?;true;societe_et_representant;volume_chiffre_requis_ou_donnee_publique;false;docs/rgpd/cartographie.md
Organization;Organization;customTermsNote;String?;true;societe_et_representant;AES-256-GCM;false;docs/rgpd/cartographie.md
Organization;Organization;approvedAt;DateTime?;true;societe_et_representant;volume_chiffre_requis_ou_donnee_publique;false;docs/rgpd/cartographie.md
Organization;Organization;approvedBy;String?;true;societe_et_representant;volume_chiffre_requis_ou_donnee_publique;false;docs/rgpd/cartographie.md
Organization;Organization;stores;Store[];false;societe_et_representant;relation_autorisee;false;docs/rgpd/cartographie.md
Organization;Organization;merchantPayouts;MerchantPayout[];false;societe_et_representant;relation_autorisee;false;docs/rgpd/cartographie.md
Organization;Organization;memberships;Membership[];false;societe_et_representant;relation_autorisee;false;docs/rgpd/cartographie.md
Organization;Organization;tickets;MerchantTicket[];false;societe_et_representant;relation_autorisee;false;docs/rgpd/cartographie.md
Organization;Organization;commissionHistory;CommissionHistory[];false;societe_et_representant;relation_autorisee;false;docs/rgpd/cartographie.md
Organization;Organization;archive;MerchantArchive?;true;societe_et_representant;relation_autorisee;false;docs/rgpd/cartographie.md
Organization;Organization;documents;OrganizationDocument[];false;societe_et_representant;relation_autorisee;false;docs/rgpd/cartographie.md
Organization;Organization;platformInvoices;PlatformInvoice[];false;societe_et_representant;relation_autorisee;false;docs/rgpd/cartographie.md
Organization;Organization;createdAt;DateTime;false;societe_et_representant;volume_chiffre_requis_ou_donnee_publique;false;docs/rgpd/cartographie.md
Organization;Organization;updatedAt;DateTime;false;societe_et_representant;volume_chiffre_requis_ou_donnee_publique;false;docs/rgpd/cartographie.md
PlatformInvoice;PlatformInvoice;id;String;false;operation_et_comptabilite;volume_chiffre_requis_ou_donnee_publique;true;docs/rgpd/cartographie.md
PlatformInvoice;PlatformInvoice;number;String;false;operation_et_comptabilite;volume_chiffre_requis_ou_donnee_publique;true;docs/rgpd/cartographie.md
PlatformInvoice;PlatformInvoice;orgId;String;false;operation_et_comptabilite;volume_chiffre_requis_ou_donnee_publique;true;docs/rgpd/cartographie.md
PlatformInvoice;PlatformInvoice;period;String;false;operation_et_comptabilite;volume_chiffre_requis_ou_donnee_publique;true;docs/rgpd/cartographie.md
PlatformInvoice;PlatformInvoice;issuedAt;DateTime;false;operation_et_comptabilite;volume_chiffre_requis_ou_donnee_publique;true;docs/rgpd/cartographie.md
PlatformInvoice;PlatformInvoice;dueAt;DateTime;false;operation_et_comptabilite;volume_chiffre_requis_ou_donnee_publique;false;docs/rgpd/cartographie.md
PlatformInvoice;PlatformInvoice;sellerJson;Json;false;operation_et_comptabilite;AES-256-GCM;false;docs/rgpd/cartographie.md
PlatformInvoice;PlatformInvoice;buyerJson;Json;false;operation_et_comptabilite;AES-256-GCM;false;docs/rgpd/cartographie.md
PlatformInvoice;PlatformInvoice;linesJson;Json;false;operation_et_comptabilite;volume_chiffre_requis_ou_donnee_publique;false;docs/rgpd/cartographie.md
PlatformInvoice;PlatformInvoice;vatRate;Decimal;false;operation_et_comptabilite;volume_chiffre_requis_ou_donnee_publique;false;docs/rgpd/cartographie.md
PlatformInvoice;PlatformInvoice;totalExcl;Decimal;false;operation_et_comptabilite;volume_chiffre_requis_ou_donnee_publique;false;docs/rgpd/cartographie.md
PlatformInvoice;PlatformInvoice;vatAmount;Decimal;false;operation_et_comptabilite;volume_chiffre_requis_ou_donnee_publique;false;docs/rgpd/cartographie.md
PlatformInvoice;PlatformInvoice;totalIncl;Decimal;false;operation_et_comptabilite;volume_chiffre_requis_ou_donnee_publique;false;docs/rgpd/cartographie.md
PlatformInvoice;PlatformInvoice;prepaidAmount;Decimal;false;operation_et_comptabilite;volume_chiffre_requis_ou_donnee_publique;false;docs/rgpd/cartographie.md
PlatformInvoice;PlatformInvoice;ublXml;String;false;operation_et_comptabilite;AES-256-GCM;false;docs/rgpd/cartographie.md
PlatformInvoice;PlatformInvoice;peppolStatus;String;false;operation_et_comptabilite;volume_chiffre_requis_ou_donnee_publique;true;docs/rgpd/cartographie.md
PlatformInvoice;PlatformInvoice;peppolMessageId;String?;true;operation_et_comptabilite;volume_chiffre_requis_ou_donnee_publique;false;docs/rgpd/cartographie.md
PlatformInvoice;PlatformInvoice;peppolError;String?;true;operation_et_comptabilite;volume_chiffre_requis_ou_donnee_publique;false;docs/rgpd/cartographie.md
PlatformInvoice;PlatformInvoice;peppolSentAt;DateTime?;true;operation_et_comptabilite;volume_chiffre_requis_ou_donnee_publique;false;docs/rgpd/cartographie.md
PlatformInvoice;PlatformInvoice;peppolAttempts;Int;false;operation_et_comptabilite;volume_chiffre_requis_ou_donnee_publique;false;docs/rgpd/cartographie.md
PlatformInvoice;PlatformInvoice;org;Organization;false;operation_et_comptabilite;relation_autorisee;false;docs/rgpd/cartographie.md
PlatformInvoice;PlatformInvoice;createdAt;DateTime;false;operation_et_comptabilite;volume_chiffre_requis_ou_donnee_publique;false;docs/rgpd/cartographie.md
PlatformInvoice;PlatformInvoice;updatedAt;DateTime;false;operation_et_comptabilite;volume_chiffre_requis_ou_donnee_publique;false;docs/rgpd/cartographie.md
PlatformInvoiceSeq;PlatformInvoiceSeq;year;Int;false;metier_revue_contexte;volume_chiffre_requis_ou_donnee_publique;true;docs/rgpd/cartographie.md
PlatformInvoiceSeq;PlatformInvoiceSeq;last;Int;false;metier_revue_contexte;volume_chiffre_requis_ou_donnee_publique;false;docs/rgpd/cartographie.md
OrganizationDocument;OrganizationDocument;id;String;false;document_sensible;volume_chiffre_requis_ou_donnee_publique;true;docs/rgpd/cartographie.md
OrganizationDocument;OrganizationDocument;orgId;String;false;document_sensible;volume_chiffre_requis_ou_donnee_publique;true;docs/rgpd/cartographie.md
OrganizationDocument;OrganizationDocument;type;String;false;document_sensible;volume_chiffre_requis_ou_donnee_publique;false;docs/rgpd/cartographie.md
OrganizationDocument;OrganizationDocument;documentUrl;String;false;document_sensible;reference_fichier_AES-GCM;false;docs/rgpd/cartographie.md
OrganizationDocument;OrganizationDocument;fileName;String?;true;document_sensible;AES-256-GCM;false;docs/rgpd/cartographie.md
OrganizationDocument;OrganizationDocument;expiryDate;DateTime?;true;document_sensible;volume_chiffre_requis_ou_donnee_publique;false;docs/rgpd/cartographie.md
OrganizationDocument;OrganizationDocument;status;String;false;document_sensible;volume_chiffre_requis_ou_donnee_publique;true;docs/rgpd/cartographie.md
OrganizationDocument;OrganizationDocument;reviewNote;String?;true;document_sensible;AES-256-GCM;false;docs/rgpd/cartographie.md
OrganizationDocument;OrganizationDocument;reviewedAt;DateTime?;true;document_sensible;volume_chiffre_requis_ou_donnee_publique;false;docs/rgpd/cartographie.md
OrganizationDocument;OrganizationDocument;expiryReminderAt;DateTime?;true;document_sensible;volume_chiffre_requis_ou_donnee_publique;false;docs/rgpd/cartographie.md
OrganizationDocument;OrganizationDocument;org;Organization;false;document_sensible;relation_autorisee;false;docs/rgpd/cartographie.md
OrganizationDocument;OrganizationDocument;createdAt;DateTime;false;document_sensible;volume_chiffre_requis_ou_donnee_publique;false;docs/rgpd/cartographie.md
OrganizationDocument;OrganizationDocument;updatedAt;DateTime;false;document_sensible;volume_chiffre_requis_ou_donnee_publique;false;docs/rgpd/cartographie.md
Membership;Membership;id;String;false;identite_et_acces;volume_chiffre_requis_ou_donnee_publique;true;docs/rgpd/cartographie.md
Membership;Membership;userId;String;false;identite_et_acces;volume_chiffre_requis_ou_donnee_publique;true;docs/rgpd/cartographie.md
Membership;Membership;orgId;String;false;identite_et_acces;volume_chiffre_requis_ou_donnee_publique;true;docs/rgpd/cartographie.md
Membership;Membership;role;MembershipRole;false;identite_et_acces;volume_chiffre_requis_ou_donnee_publique;false;docs/rgpd/cartographie.md
Membership;Membership;storeIds;String[];false;identite_et_acces;volume_chiffre_requis_ou_donnee_publique;false;docs/rgpd/cartographie.md
Membership;Membership;user;User;false;identite_et_acces;relation_autorisee;false;docs/rgpd/cartographie.md
Membership;Membership;org;Organization;false;identite_et_acces;relation_autorisee;false;docs/rgpd/cartographie.md
Membership;Membership;createdAt;DateTime;false;identite_et_acces;volume_chiffre_requis_ou_donnee_publique;false;docs/rgpd/cartographie.md
Membership;Membership;updatedAt;DateTime;false;identite_et_acces;volume_chiffre_requis_ou_donnee_publique;false;docs/rgpd/cartographie.md
SystemConfig;SystemConfig;id;String;false;metier_revue_contexte;volume_chiffre_requis_ou_donnee_publique;true;docs/rgpd/cartographie.md
SystemConfig;SystemConfig;platformFeePercent;Decimal;false;metier_revue_contexte;volume_chiffre_requis_ou_donnee_publique;false;docs/rgpd/cartographie.md
SystemConfig;SystemConfig;minOrderAmount;Decimal;false;metier_revue_contexte;volume_chiffre_requis_ou_donnee_publique;false;docs/rgpd/cartographie.md
SystemConfig;SystemConfig;maxOrderAmount;Decimal;false;metier_revue_contexte;volume_chiffre_requis_ou_donnee_publique;false;docs/rgpd/cartographie.md
SystemConfig;SystemConfig;maintenanceMode;Boolean;false;metier_revue_contexte;volume_chiffre_requis_ou_donnee_publique;false;docs/rgpd/cartographie.md
SystemConfig;SystemConfig;maintenanceMessage;String?;true;metier_revue_contexte;volume_chiffre_requis_ou_donnee_publique;false;docs/rgpd/cartographie.md
SystemConfig;SystemConfig;selectedTheme;String;false;metier_revue_contexte;volume_chiffre_requis_ou_donnee_publique;false;docs/rgpd/cartographie.md
SystemConfig;SystemConfig;driverBaseFee;Decimal;false;metier_revue_contexte;volume_chiffre_requis_ou_donnee_publique;false;docs/rgpd/cartographie.md
SystemConfig;SystemConfig;driverPerKmFee;Decimal;false;metier_revue_contexte;volume_chiffre_requis_ou_donnee_publique;false;docs/rgpd/cartographie.md
SystemConfig;SystemConfig;driverOfferSeconds;Int;false;metier_revue_contexte;volume_chiffre_requis_ou_donnee_publique;false;docs/rgpd/cartographie.md
SystemConfig;SystemConfig;driverMaxRadiusKm;Float;false;metier_revue_contexte;volume_chiffre_requis_ou_donnee_publique;false;docs/rgpd/cartographie.md
SystemConfig;SystemConfig;driverBikeMaxKm;Float;false;metier_revue_contexte;volume_chiffre_requis_ou_donnee_publique;false;docs/rgpd/cartographie.md
SystemConfig;SystemConfig;driverScooterMaxKm;Float;false;metier_revue_contexte;volume_chiffre_requis_ou_donnee_publique;false;docs/rgpd/cartographie.md
SystemConfig;SystemConfig;driverExceptionSeconds;Int;false;metier_revue_contexte;volume_chiffre_requis_ou_donnee_publique;false;docs/rgpd/cartographie.md
SystemConfig;SystemConfig;driverSoonFreeKm;Float;false;metier_revue_contexte;volume_chiffre_requis_ou_donnee_publique;false;docs/rgpd/cartographie.md
SystemConfig;SystemConfig;driverSoonFreeSeconds;Int;false;metier_revue_contexte;volume_chiffre_requis_ou_donnee_publique;false;docs/rgpd/cartographie.md
SystemConfig;SystemConfig;driverMaxCourses;Int;false;metier_revue_contexte;volume_chiffre_requis_ou_donnee_publique;false;docs/rgpd/cartographie.md
SystemConfig;SystemConfig;driverGroupClientKm;Float;false;metier_revue_contexte;volume_chiffre_requis_ou_donnee_publique;false;docs/rgpd/cartographie.md
SystemConfig;SystemConfig;driverGroupDetourKm;Float;false;metier_revue_contexte;volume_chiffre_requis_ou_donnee_publique;false;docs/rgpd/cartographie.md
SystemConfig;SystemConfig;serviceFee;Decimal;false;metier_revue_contexte;volume_chiffre_requis_ou_donnee_publique;false;docs/rgpd/cartographie.md
SystemConfig;SystemConfig;settings;Json;false;metier_revue_contexte;volume_chiffre_requis_ou_donnee_publique;false;docs/rgpd/cartographie.md
SystemConfig;SystemConfig;createdAt;DateTime;false;metier_revue_contexte;volume_chiffre_requis_ou_donnee_publique;false;docs/rgpd/cartographie.md
SystemConfig;SystemConfig;updatedAt;DateTime;false;metier_revue_contexte;volume_chiffre_requis_ou_donnee_publique;false;docs/rgpd/cartographie.md
MerchantTicket;MerchantTicket;id;String;false;support_incident;volume_chiffre_requis_ou_donnee_publique;true;docs/rgpd/cartographie.md
MerchantTicket;MerchantTicket;orgId;String;false;support_incident;volume_chiffre_requis_ou_donnee_publique;true;docs/rgpd/cartographie.md
MerchantTicket;MerchantTicket;title;String;false;support_incident;volume_chiffre_requis_ou_donnee_publique;false;docs/rgpd/cartographie.md
MerchantTicket;MerchantTicket;description;String;false;support_incident;AES-256-GCM;false;docs/rgpd/cartographie.md
MerchantTicket;MerchantTicket;status;String;false;support_incident;volume_chiffre_requis_ou_donnee_publique;true;docs/rgpd/cartographie.md
MerchantTicket;MerchantTicket;priority;String;false;support_incident;volume_chiffre_requis_ou_donnee_publique;false;docs/rgpd/cartographie.md
MerchantTicket;MerchantTicket;category;String;false;support_incident;volume_chiffre_requis_ou_donnee_publique;false;docs/rgpd/cartographie.md
MerchantTicket;MerchantTicket;archivedAt;DateTime?;true;support_incident;volume_chiffre_requis_ou_donnee_publique;true;docs/rgpd/cartographie.md
MerchantTicket;MerchantTicket;org;Organization;false;support_incident;relation_autorisee;false;docs/rgpd/cartographie.md
MerchantTicket;MerchantTicket;messages;TicketMessage[];false;support_incident;relation_autorisee;false;docs/rgpd/cartographie.md
MerchantTicket;MerchantTicket;createdAt;DateTime;false;support_incident;volume_chiffre_requis_ou_donnee_publique;true;docs/rgpd/cartographie.md
MerchantTicket;MerchantTicket;updatedAt;DateTime;false;support_incident;volume_chiffre_requis_ou_donnee_publique;false;docs/rgpd/cartographie.md
MerchantTicket;MerchantTicket;resolvedAt;DateTime?;true;support_incident;volume_chiffre_requis_ou_donnee_publique;false;docs/rgpd/cartographie.md
TicketMessage;TicketMessage;id;String;false;support_incident;volume_chiffre_requis_ou_donnee_publique;true;docs/rgpd/cartographie.md
TicketMessage;TicketMessage;ticketId;String;false;support_incident;volume_chiffre_requis_ou_donnee_publique;true;docs/rgpd/cartographie.md
TicketMessage;TicketMessage;authorId;String;false;support_incident;volume_chiffre_requis_ou_donnee_publique;false;docs/rgpd/cartographie.md
TicketMessage;TicketMessage;authorName;String;false;support_incident;volume_chiffre_requis_ou_donnee_publique;false;docs/rgpd/cartographie.md
TicketMessage;TicketMessage;authorRole;String;false;support_incident;volume_chiffre_requis_ou_donnee_publique;false;docs/rgpd/cartographie.md
TicketMessage;TicketMessage;body;String;false;support_incident;AES-256-GCM;false;docs/rgpd/cartographie.md
TicketMessage;TicketMessage;ticket;MerchantTicket;false;support_incident;relation_autorisee;false;docs/rgpd/cartographie.md
TicketMessage;TicketMessage;author;User;false;support_incident;relation_autorisee;false;docs/rgpd/cartographie.md
TicketMessage;TicketMessage;createdAt;DateTime;false;support_incident;volume_chiffre_requis_ou_donnee_publique;true;docs/rgpd/cartographie.md
CommissionHistory;CommissionHistory;id;String;false;metier_revue_contexte;volume_chiffre_requis_ou_donnee_publique;true;docs/rgpd/cartographie.md
CommissionHistory;CommissionHistory;orgId;String;false;metier_revue_contexte;volume_chiffre_requis_ou_donnee_publique;true;docs/rgpd/cartographie.md
CommissionHistory;CommissionHistory;amount;Decimal;false;metier_revue_contexte;volume_chiffre_requis_ou_donnee_publique;false;docs/rgpd/cartographie.md
CommissionHistory;CommissionHistory;percentage;Decimal;false;metier_revue_contexte;volume_chiffre_requis_ou_donnee_publique;false;docs/rgpd/cartographie.md
CommissionHistory;CommissionHistory;period;String;false;metier_revue_contexte;volume_chiffre_requis_ou_donnee_publique;true;docs/rgpd/cartographie.md
CommissionHistory;CommissionHistory;ordersCount;Int;false;metier_revue_contexte;volume_chiffre_requis_ou_donnee_publique;false;docs/rgpd/cartographie.md
CommissionHistory;CommissionHistory;totalRevenue;Decimal;false;metier_revue_contexte;volume_chiffre_requis_ou_donnee_publique;false;docs/rgpd/cartographie.md
CommissionHistory;CommissionHistory;org;Organization;false;metier_revue_contexte;relation_autorisee;false;docs/rgpd/cartographie.md
CommissionHistory;CommissionHistory;createdAt;DateTime;false;metier_revue_contexte;volume_chiffre_requis_ou_donnee_publique;false;docs/rgpd/cartographie.md
SystemAuditLog;SystemAuditLog;id;String;false;trace_copie_integration;volume_chiffre_requis_ou_donnee_publique;true;docs/rgpd/cartographie.md
SystemAuditLog;SystemAuditLog;adminId;String;false;trace_copie_integration;volume_chiffre_requis_ou_donnee_publique;true;docs/rgpd/cartographie.md
SystemAuditLog;SystemAuditLog;action;String;false;trace_copie_integration;volume_chiffre_requis_ou_donnee_publique;false;docs/rgpd/cartographie.md
SystemAuditLog;SystemAuditLog;target;String;false;trace_copie_integration;volume_chiffre_requis_ou_donnee_publique;false;docs/rgpd/cartographie.md
SystemAuditLog;SystemAuditLog;changes;Json?;true;trace_copie_integration;AES-256-GCM;false;docs/rgpd/cartographie.md
SystemAuditLog;SystemAuditLog;ipAddress;String?;true;trace_copie_integration;AES-256-GCM;false;docs/rgpd/cartographie.md
SystemAuditLog;SystemAuditLog;userAgent;String?;true;trace_copie_integration;AES-256-GCM;false;docs/rgpd/cartographie.md
SystemAuditLog;SystemAuditLog;admin;User;false;trace_copie_integration;relation_autorisee;false;docs/rgpd/cartographie.md
SystemAuditLog;SystemAuditLog;createdAt;DateTime;false;trace_copie_integration;volume_chiffre_requis_ou_donnee_publique;true;docs/rgpd/cartographie.md
MerchantArchive;MerchantArchive;id;String;false;trace_copie_integration;volume_chiffre_requis_ou_donnee_publique;true;docs/rgpd/cartographie.md
MerchantArchive;MerchantArchive;organizationId;String;false;trace_copie_integration;volume_chiffre_requis_ou_donnee_publique;true;docs/rgpd/cartographie.md
MerchantArchive;MerchantArchive;organizationData;Json;false;trace_copie_integration;AES-256-GCM;false;docs/rgpd/cartographie.md
MerchantArchive;MerchantArchive;storesData;Json?;true;trace_copie_integration;AES-256-GCM;false;docs/rgpd/cartographie.md
MerchantArchive;MerchantArchive;productsData;Json?;true;trace_copie_integration;volume_chiffre_requis_ou_donnee_publique;false;docs/rgpd/cartographie.md
MerchantArchive;MerchantArchive;ordersData;Json?;true;trace_copie_integration;AES-256-GCM;false;docs/rgpd/cartographie.md
MerchantArchive;MerchantArchive;customersData;Json?;true;trace_copie_integration;AES-256-GCM;false;docs/rgpd/cartographie.md
MerchantArchive;MerchantArchive;reason;String;false;trace_copie_integration;volume_chiffre_requis_ou_donnee_publique;false;docs/rgpd/cartographie.md
MerchantArchive;MerchantArchive;closureDate;DateTime;false;trace_copie_integration;volume_chiffre_requis_ou_donnee_publique;true;docs/rgpd/cartographie.md
MerchantArchive;MerchantArchive;restorationDeadline;DateTime;false;trace_copie_integration;volume_chiffre_requis_ou_donnee_publique;true;docs/rgpd/cartographie.md
MerchantArchive;MerchantArchive;isRestored;Boolean;false;trace_copie_integration;volume_chiffre_requis_ou_donnee_publique;false;docs/rgpd/cartographie.md
MerchantArchive;MerchantArchive;restoredAt;DateTime?;true;trace_copie_integration;volume_chiffre_requis_ou_donnee_publique;false;docs/rgpd/cartographie.md
MerchantArchive;MerchantArchive;restoredByAdminId;String?;true;trace_copie_integration;volume_chiffre_requis_ou_donnee_publique;false;docs/rgpd/cartographie.md
MerchantArchive;MerchantArchive;organization;Organization;false;trace_copie_integration;relation_autorisee;false;docs/rgpd/cartographie.md
MerchantArchive;MerchantArchive;createdAt;DateTime;false;trace_copie_integration;volume_chiffre_requis_ou_donnee_publique;false;docs/rgpd/cartographie.md
Store;Store;id;String;false;societe_et_representant;volume_chiffre_requis_ou_donnee_publique;true;docs/rgpd/cartographie.md
Store;Store;orgId;String;false;societe_et_representant;volume_chiffre_requis_ou_donnee_publique;true;docs/rgpd/cartographie.md
Store;Store;name;String;false;societe_et_representant;volume_chiffre_requis_ou_donnee_publique;false;docs/rgpd/cartographie.md
Store;Store;slug;String;false;societe_et_representant;volume_chiffre_requis_ou_donnee_publique;true;docs/rgpd/cartographie.md
Store;Store;address;String?;true;societe_et_representant;volume_chiffre_requis_ou_donnee_publique;false;docs/rgpd/cartographie.md
Store;Store;city;String?;true;societe_et_representant;volume_chiffre_requis_ou_donnee_publique;false;docs/rgpd/cartographie.md
Store;Store;postalCode;String?;true;societe_et_representant;volume_chiffre_requis_ou_donnee_publique;false;docs/rgpd/cartographie.md
Store;Store;countryCode;String?;true;societe_et_representant;volume_chiffre_requis_ou_donnee_publique;true;docs/rgpd/cartographie.md
Store;Store;phone;String?;true;societe_et_representant;volume_chiffre_requis_ou_donnee_publique;false;docs/rgpd/cartographie.md
Store;Store;email;String?;true;societe_et_representant;volume_chiffre_requis_ou_donnee_publique;false;docs/rgpd/cartographie.md
Store;Store;description;String?;true;societe_et_representant;volume_chiffre_requis_ou_donnee_publique;false;docs/rgpd/cartographie.md
Store;Store;businessType;String?;true;societe_et_representant;volume_chiffre_requis_ou_donnee_publique;false;docs/rgpd/cartographie.md
Store;Store;cuisineType;String?;true;societe_et_representant;volume_chiffre_requis_ou_donnee_publique;false;docs/rgpd/cartographie.md
Store;Store;legalName;String?;true;societe_et_representant;volume_chiffre_requis_ou_donnee_publique;false;docs/rgpd/cartographie.md
Store;Store;vatNumber;String?;true;societe_et_representant;AES-256-GCM;false;docs/rgpd/cartographie.md
Store;Store;registrationNumber;String?;true;societe_et_representant;AES-256-GCM;false;docs/rgpd/cartographie.md
Store;Store;latitude;Float?;true;societe_et_representant;volume_chiffre_requis_ou_donnee_publique;false;docs/rgpd/cartographie.md
Store;Store;longitude;Float?;true;societe_et_representant;volume_chiffre_requis_ou_donnee_publique;false;docs/rgpd/cartographie.md
Store;Store;settings;Json;false;societe_et_representant;volume_chiffre_requis_ou_donnee_publique;false;docs/rgpd/cartographie.md
Store;Store;operatingHours;Json;false;societe_et_representant;volume_chiffre_requis_ou_donnee_publique;false;docs/rgpd/cartographie.md
Store;Store;pickupSlots;Json;false;societe_et_representant;volume_chiffre_requis_ou_donnee_publique;false;docs/rgpd/cartographie.md
Store;Store;isOpen;Boolean;false;societe_et_representant;volume_chiffre_requis_ou_donnee_publique;false;docs/rgpd/cartographie.md
Store;Store;acceptsDelivery;Boolean;false;societe_et_representant;volume_chiffre_requis_ou_donnee_publique;false;docs/rgpd/cartographie.md
Store;Store;acceptsPickup;Boolean;false;societe_et_representant;volume_chiffre_requis_ou_donnee_publique;false;docs/rgpd/cartographie.md
Store;Store;deliveryCost;Decimal;false;societe_et_representant;volume_chiffre_requis_ou_donnee_publique;false;docs/rgpd/cartographie.md
Store;Store;minDeliveryAmount;Decimal;false;societe_et_representant;volume_chiffre_requis_ou_donnee_publique;false;docs/rgpd/cartographie.md
Store;Store;rating;Decimal;false;societe_et_representant;volume_chiffre_requis_ou_donnee_publique;false;docs/rgpd/cartographie.md
Store;Store;totalRatings;Int;false;societe_et_representant;volume_chiffre_requis_ou_donnee_publique;false;docs/rgpd/cartographie.md
Store;Store;deletedAt;DateTime?;true;societe_et_representant;volume_chiffre_requis_ou_donnee_publique;true;docs/rgpd/cartographie.md
Store;Store;org;Organization;false;societe_et_representant;relation_autorisee;false;docs/rgpd/cartographie.md
Store;Store;products;Product[];false;societe_et_representant;relation_autorisee;false;docs/rgpd/cartographie.md
Store;Store;categories;Category[];false;societe_et_representant;relation_autorisee;false;docs/rgpd/cartographie.md
Store;Store;orders;Order[];false;societe_et_representant;relation_autorisee;false;docs/rgpd/cartographie.md
Store;Store;theme;Theme?;true;societe_et_representant;relation_autorisee;false;docs/rgpd/cartographie.md
Store;Store;deliveryZones;DeliveryZone[];false;societe_et_representant;relation_autorisee;false;docs/rgpd/cartographie.md
Store;Store;promotions;Promotion[];false;societe_et_representant;relation_autorisee;false;docs/rgpd/cartographie.md
Store;Store;staff;Staff[];false;societe_et_representant;relation_autorisee;false;docs/rgpd/cartographie.md
Store;Store;reviews;Review[];false;societe_et_representant;relation_autorisee;false;docs/rgpd/cartographie.md
Store;Store;campaigns;MarketingCampaign[];false;societe_et_representant;relation_autorisee;false;docs/rgpd/cartographie.md
Store;Store;taxSettings;TaxSetting[];false;societe_et_representant;relation_autorisee;false;docs/rgpd/cartographie.md
Store;Store;invoiceSeqs;InvoiceSeq[];false;societe_et_representant;relation_autorisee;false;docs/rgpd/cartographie.md
Store;Store;invoices;Invoice[];false;societe_et_representant;relation_autorisee;false;docs/rgpd/cartographie.md
Store;Store;paymentMethods;PaymentMethod[];false;societe_et_representant;relation_autorisee;false;docs/rgpd/cartographie.md
Store;Store;notifications;Notification[];false;societe_et_representant;relation_autorisee;false;docs/rgpd/cartographie.md
Store;Store;tags;ProductTag[];false;societe_et_representant;relation_autorisee;false;docs/rgpd/cartographie.md
Store;Store;favorites;FavoriteStore[];false;societe_et_representant;relation_autorisee;false;docs/rgpd/cartographie.md
Store;Store;customerCarts;CustomerCart[];false;societe_et_representant;relation_autorisee;false;docs/rgpd/cartographie.md
Store;Store;createdAt;DateTime;false;societe_et_representant;volume_chiffre_requis_ou_donnee_publique;false;docs/rgpd/cartographie.md
Store;Store;updatedAt;DateTime;false;societe_et_representant;volume_chiffre_requis_ou_donnee_publique;false;docs/rgpd/cartographie.md
Store;Store;customerEntries;StoreCustomer[];false;societe_et_representant;relation_autorisee;false;docs/rgpd/cartographie.md
Product;Product;id;String;false;metier_revue_contexte;volume_chiffre_requis_ou_donnee_publique;true;docs/rgpd/cartographie.md
Product;Product;storeId;String;false;metier_revue_contexte;volume_chiffre_requis_ou_donnee_publique;true;docs/rgpd/cartographie.md
Product;Product;sku;String;false;metier_revue_contexte;volume_chiffre_requis_ou_donnee_publique;true;docs/rgpd/cartographie.md
Product;Product;name;String;false;metier_revue_contexte;volume_chiffre_requis_ou_donnee_publique;false;docs/rgpd/cartographie.md
Product;Product;description;String?;true;metier_revue_contexte;volume_chiffre_requis_ou_donnee_publique;false;docs/rgpd/cartographie.md
Product;Product;price;Decimal;false;metier_revue_contexte;volume_chiffre_requis_ou_donnee_publique;false;docs/rgpd/cartographie.md
Product;Product;categoryId;String?;true;metier_revue_contexte;volume_chiffre_requis_ou_donnee_publique;true;docs/rgpd/cartographie.md
Product;Product;stock;Int;false;metier_revue_contexte;volume_chiffre_requis_ou_donnee_publique;false;docs/rgpd/cartographie.md
Product;Product;lowStockThreshold;Int;false;metier_revue_contexte;volume_chiffre_requis_ou_donnee_publique;false;docs/rgpd/cartographie.md
Product;Product;isAvailable;Boolean;false;metier_revue_contexte;volume_chiffre_requis_ou_donnee_publique;false;docs/rgpd/cartographie.md
Product;Product;displayOrder;Int;false;metier_revue_contexte;volume_chiffre_requis_ou_donnee_publique;false;docs/rgpd/cartographie.md
Product;Product;status;ProductStatus;false;metier_revue_contexte;volume_chiffre_requis_ou_donnee_publique;true;docs/rgpd/cartographie.md
Product;Product;variantLabel;String?;true;metier_revue_contexte;volume_chiffre_requis_ou_donnee_publique;false;docs/rgpd/cartographie.md
Product;Product;allergens;Allergen[];false;metier_revue_contexte;volume_chiffre_requis_ou_donnee_publique;false;docs/rgpd/cartographie.md
Product;Product;allergensDeclared;Boolean;false;metier_revue_contexte;volume_chiffre_requis_ou_donnee_publique;false;docs/rgpd/cartographie.md
Product;Product;containsAlcohol;Boolean;false;metier_revue_contexte;volume_chiffre_requis_ou_donnee_publique;false;docs/rgpd/cartographie.md
Product;Product;deletedAt;DateTime?;true;metier_revue_contexte;volume_chiffre_requis_ou_donnee_publique;true;docs/rgpd/cartographie.md
Product;Product;store;Store;false;metier_revue_contexte;relation_autorisee;false;docs/rgpd/cartographie.md
Product;Product;category;Category?;true;metier_revue_contexte;relation_autorisee;false;docs/rgpd/cartographie.md
Product;Product;images;ProductImage[];false;metier_revue_contexte;relation_autorisee;false;docs/rgpd/cartographie.md
Product;Product;options;ProductOption[];false;metier_revue_contexte;relation_autorisee;false;docs/rgpd/cartographie.md
Product;Product;variants;ProductVariant[];false;metier_revue_contexte;relation_autorisee;false;docs/rgpd/cartographie.md
Product;Product;orderItems;OrderItem[];false;metier_revue_contexte;relation_autorisee;false;docs/rgpd/cartographie.md
Product;Product;reviews;Review[];false;metier_revue_contexte;relation_autorisee;false;docs/rgpd/cartographie.md
Product;Product;media;ProductMedia[];false;metier_revue_contexte;relation_autorisee;false;docs/rgpd/cartographie.md
Product;Product;seo;ProductSeo?;true;metier_revue_contexte;relation_autorisee;false;docs/rgpd/cartographie.md
Product;Product;createdAt;DateTime;false;metier_revue_contexte;volume_chiffre_requis_ou_donnee_publique;false;docs/rgpd/cartographie.md
Product;Product;updatedAt;DateTime;false;metier_revue_contexte;volume_chiffre_requis_ou_donnee_publique;false;docs/rgpd/cartographie.md
ProductImage;ProductImage;id;String;false;metier_revue_contexte;volume_chiffre_requis_ou_donnee_publique;true;docs/rgpd/cartographie.md
ProductImage;ProductImage;productId;String;false;metier_revue_contexte;volume_chiffre_requis_ou_donnee_publique;true;docs/rgpd/cartographie.md
ProductImage;ProductImage;url;String;false;metier_revue_contexte;volume_chiffre_requis_ou_donnee_publique;false;docs/rgpd/cartographie.md
ProductImage;ProductImage;order;Int;false;metier_revue_contexte;volume_chiffre_requis_ou_donnee_publique;true;docs/rgpd/cartographie.md
ProductImage;ProductImage;product;Product;false;metier_revue_contexte;relation_autorisee;false;docs/rgpd/cartographie.md
ProductImage;ProductImage;createdAt;DateTime;false;metier_revue_contexte;volume_chiffre_requis_ou_donnee_publique;false;docs/rgpd/cartographie.md
Category;Category;id;String;false;metier_revue_contexte;volume_chiffre_requis_ou_donnee_publique;true;docs/rgpd/cartographie.md
Category;Category;storeId;String;false;metier_revue_contexte;volume_chiffre_requis_ou_donnee_publique;true;docs/rgpd/cartographie.md
Category;Category;name;String;false;metier_revue_contexte;volume_chiffre_requis_ou_donnee_publique;true;docs/rgpd/cartographie.md
Category;Category;displayOrder;Int;false;metier_revue_contexte;volume_chiffre_requis_ou_donnee_publique;false;docs/rgpd/cartographie.md
Category;Category;sortMode;CategorySortMode;false;metier_revue_contexte;volume_chiffre_requis_ou_donnee_publique;false;docs/rgpd/cartographie.md
Category;Category;store;Store;false;metier_revue_contexte;relation_autorisee;false;docs/rgpd/cartographie.md
Category;Category;products;Product[];false;metier_revue_contexte;relation_autorisee;false;docs/rgpd/cartographie.md
Category;Category;createdAt;DateTime;false;metier_revue_contexte;volume_chiffre_requis_ou_donnee_publique;false;docs/rgpd/cartographie.md
Category;Category;updatedAt;DateTime;false;metier_revue_contexte;volume_chiffre_requis_ou_donnee_publique;false;docs/rgpd/cartographie.md
ProductOption;ProductOption;id;String;false;metier_revue_contexte;volume_chiffre_requis_ou_donnee_publique;true;docs/rgpd/cartographie.md
ProductOption;ProductOption;productId;String;false;metier_revue_contexte;volume_chiffre_requis_ou_donnee_publique;true;docs/rgpd/cartographie.md
ProductOption;ProductOption;name;String;false;metier_revue_contexte;volume_chiffre_requis_ou_donnee_publique;false;docs/rgpd/cartographie.md
ProductOption;ProductOption;choices;Json;false;metier_revue_contexte;volume_chiffre_requis_ou_donnee_publique;false;docs/rgpd/cartographie.md
ProductOption;ProductOption;isRequired;Boolean;false;metier_revue_contexte;volume_chiffre_requis_ou_donnee_publique;false;docs/rgpd/cartographie.md
ProductOption;ProductOption;maxChoices;Int?;true;metier_revue_contexte;volume_chiffre_requis_ou_donnee_publique;false;docs/rgpd/cartographie.md
ProductOption;ProductOption;displayOrder;Int;false;metier_revue_contexte;volume_chiffre_requis_ou_donnee_publique;false;docs/rgpd/cartographie.md
ProductOption;ProductOption;pricingType;String;false;metier_revue_contexte;volume_chiffre_requis_ou_donnee_publique;false;docs/rgpd/cartographie.md
ProductOption;ProductOption;product;Product;false;metier_revue_contexte;relation_autorisee;false;docs/rgpd/cartographie.md
ProductOption;ProductOption;createdAt;DateTime;false;metier_revue_contexte;volume_chiffre_requis_ou_donnee_publique;false;docs/rgpd/cartographie.md
ProductVariant;ProductVariant;id;String;false;metier_revue_contexte;volume_chiffre_requis_ou_donnee_publique;true;docs/rgpd/cartographie.md
ProductVariant;ProductVariant;productId;String;false;metier_revue_contexte;volume_chiffre_requis_ou_donnee_publique;true;docs/rgpd/cartographie.md
ProductVariant;ProductVariant;sku;String;false;metier_revue_contexte;volume_chiffre_requis_ou_donnee_publique;true;docs/rgpd/cartographie.md
ProductVariant;ProductVariant;label;String;false;metier_revue_contexte;volume_chiffre_requis_ou_donnee_publique;false;docs/rgpd/cartographie.md
ProductVariant;ProductVariant;displayOrder;Int;false;metier_revue_contexte;volume_chiffre_requis_ou_donnee_publique;false;docs/rgpd/cartographie.md
ProductVariant;ProductVariant;combination;Json;false;metier_revue_contexte;volume_chiffre_requis_ou_donnee_publique;false;docs/rgpd/cartographie.md
ProductVariant;ProductVariant;price;Decimal?;true;metier_revue_contexte;volume_chiffre_requis_ou_donnee_publique;false;docs/rgpd/cartographie.md
ProductVariant;ProductVariant;stock;Int;false;metier_revue_contexte;volume_chiffre_requis_ou_donnee_publique;false;docs/rgpd/cartographie.md
ProductVariant;ProductVariant;isAvailable;Boolean;false;metier_revue_contexte;volume_chiffre_requis_ou_donnee_publique;false;docs/rgpd/cartographie.md
ProductVariant;ProductVariant;product;Product;false;metier_revue_contexte;relation_autorisee;false;docs/rgpd/cartographie.md
ProductVariant;ProductVariant;orderItems;OrderItem[];false;metier_revue_contexte;relation_autorisee;false;docs/rgpd/cartographie.md
ProductVariant;ProductVariant;createdAt;DateTime;false;metier_revue_contexte;volume_chiffre_requis_ou_donnee_publique;false;docs/rgpd/cartographie.md
ProductVariant;ProductVariant;updatedAt;DateTime;false;metier_revue_contexte;volume_chiffre_requis_ou_donnee_publique;false;docs/rgpd/cartographie.md
Order;Order;id;String;false;operation_et_comptabilite;volume_chiffre_requis_ou_donnee_publique;true;docs/rgpd/cartographie.md
Order;Order;storeId;String;false;operation_et_comptabilite;volume_chiffre_requis_ou_donnee_publique;true;docs/rgpd/cartographie.md
Order;Order;customerId;String?;true;operation_et_comptabilite;volume_chiffre_requis_ou_donnee_publique;false;docs/rgpd/cartographie.md
Order;Order;items;OrderItem[];false;operation_et_comptabilite;relation_autorisee;false;docs/rgpd/cartographie.md
Order;Order;customerName;String;false;operation_et_comptabilite;AES-256-GCM;false;docs/rgpd/cartographie.md
Order;Order;customerEmail;String;false;operation_et_comptabilite;volume_chiffre_requis_ou_donnee_publique;false;docs/rgpd/cartographie.md
Order;Order;customerPhone;String;false;operation_et_comptabilite;AES-256-GCM;false;docs/rgpd/cartographie.md
Order;Order;deliveryType;DeliveryType;false;operation_et_comptabilite;volume_chiffre_requis_ou_donnee_publique;false;docs/rgpd/cartographie.md
Order;Order;pickupTime;DateTime?;true;operation_et_comptabilite;volume_chiffre_requis_ou_donnee_publique;false;docs/rgpd/cartographie.md
Order;Order;deliveryAddress;String?;true;operation_et_comptabilite;AES-256-GCM;false;docs/rgpd/cartographie.md
Order;Order;deliveryCity;String?;true;operation_et_comptabilite;AES-256-GCM;false;docs/rgpd/cartographie.md
Order;Order;deliveryPostal;String?;true;operation_et_comptabilite;AES-256-GCM;false;docs/rgpd/cartographie.md
Order;Order;deliveryLat;Float?;true;operation_et_comptabilite;volume_chiffre_requis_ou_donnee_publique;false;docs/rgpd/cartographie.md
Order;Order;deliveryLng;Float?;true;operation_et_comptabilite;volume_chiffre_requis_ou_donnee_publique;false;docs/rgpd/cartographie.md
Order;Order;status;OrderStatus;false;operation_et_comptabilite;volume_chiffre_requis_ou_donnee_publique;true;docs/rgpd/cartographie.md
Order;Order;submittedAt;DateTime?;true;operation_et_comptabilite;volume_chiffre_requis_ou_donnee_publique;true;docs/rgpd/cartographie.md
Order;Order;totalAmount;Decimal;false;operation_et_comptabilite;volume_chiffre_requis_ou_donnee_publique;false;docs/rgpd/cartographie.md
Order;Order;taxAmount;Decimal;false;operation_et_comptabilite;volume_chiffre_requis_ou_donnee_publique;false;docs/rgpd/cartographie.md
Order;Order;feesAmount;Decimal;false;operation_et_comptabilite;volume_chiffre_requis_ou_donnee_publique;false;docs/rgpd/cartographie.md
Order;Order;paymentStatus;PaymentStatus;false;operation_et_comptabilite;volume_chiffre_requis_ou_donnee_publique;true;docs/rgpd/cartographie.md
Order;Order;paymentId;String?;true;operation_et_comptabilite;volume_chiffre_requis_ou_donnee_publique;false;docs/rgpd/cartographie.md
Order;Order;taxRate;Decimal;false;operation_et_comptabilite;volume_chiffre_requis_ou_donnee_publique;false;docs/rgpd/cartographie.md
Order;Order;commissionPercent;Decimal;false;operation_et_comptabilite;volume_chiffre_requis_ou_donnee_publique;false;docs/rgpd/cartographie.md
Order;Order;commissionAmount;Decimal;false;operation_et_comptabilite;volume_chiffre_requis_ou_donnee_publique;false;docs/rgpd/cartographie.md
Order;Order;tierAtOrder;String?;true;operation_et_comptabilite;volume_chiffre_requis_ou_donnee_publique;false;docs/rgpd/cartographie.md
Order;Order;commissionWaived;Boolean;false;operation_et_comptabilite;volume_chiffre_requis_ou_donnee_publique;false;docs/rgpd/cartographie.md
Order;Order;deliveryMode;String?;true;operation_et_comptabilite;volume_chiffre_requis_ou_donnee_publique;false;docs/rgpd/cartographie.md
Order;Order;serviceFeeAmount;Decimal;false;operation_et_comptabilite;volume_chiffre_requis_ou_donnee_publique;false;docs/rgpd/cartographie.md
Order;Order;tipAmount;Decimal;false;operation_et_comptabilite;volume_chiffre_requis_ou_donnee_publique;false;docs/rgpd/cartographie.md
Order;Order;promoCode;String?;true;operation_et_comptabilite;volume_chiffre_requis_ou_donnee_publique;false;docs/rgpd/cartographie.md
Order;Order;discountAmount;Decimal;false;operation_et_comptabilite;volume_chiffre_requis_ou_donnee_publique;false;docs/rgpd/cartographie.md
Order;Order;paymentMethodId;String?;true;operation_et_comptabilite;volume_chiffre_requis_ou_donnee_publique;false;docs/rgpd/cartographie.md
Order;Order;paymentMethodName;String?;true;operation_et_comptabilite;volume_chiffre_requis_ou_donnee_publique;false;docs/rgpd/cartographie.md
Order;Order;notes;String?;true;operation_et_comptabilite;AES-256-GCM;false;docs/rgpd/cartographie.md
Order;Order;trackingTokenHash;String?;true;operation_et_comptabilite;empreinte;false;docs/rgpd/cartographie.md
Order;Order;acceptedAt;DateTime?;true;operation_et_comptabilite;volume_chiffre_requis_ou_donnee_publique;false;docs/rgpd/cartographie.md
Order;Order;preparationMinutes;Int?;true;operation_et_comptabilite;volume_chiffre_requis_ou_donnee_publique;false;docs/rgpd/cartographie.md
Order;Order;estimatedReadyAt;DateTime?;true;operation_et_comptabilite;volume_chiffre_requis_ou_donnee_publique;false;docs/rgpd/cartographie.md
Order;Order;rejectedAt;DateTime?;true;operation_et_comptabilite;volume_chiffre_requis_ou_donnee_publique;false;docs/rgpd/cartographie.md
Order;Order;rejectionReason;String?;true;operation_et_comptabilite;volume_chiffre_requis_ou_donnee_publique;false;docs/rgpd/cartographie.md
Order;Order;rejectionNote;String?;true;operation_et_comptabilite;AES-256-GCM;false;docs/rgpd/cartographie.md
Order;Order;deletedAt;DateTime?;true;operation_et_comptabilite;volume_chiffre_requis_ou_donnee_publique;true;docs/rgpd/cartographie.md
Order;Order;store;Store;false;operation_et_comptabilite;relation_autorisee;false;docs/rgpd/cartographie.md
Order;Order;customer;Customer?;true;operation_et_comptabilite;relation_autorisee;false;docs/rgpd/cartographie.md
Order;Order;payments;Payment[];false;operation_et_comptabilite;relation_autorisee;false;docs/rgpd/cartographie.md
Order;Order;delivery;OrderDelivery?;true;operation_et_comptabilite;relation_autorisee;false;docs/rgpd/cartographie.md
Order;Order;pourboireApres;CourierTip?;true;operation_et_comptabilite;relation_autorisee;false;docs/rgpd/cartographie.md
Order;Order;jetonsDeSuivi;OrderTrackingToken[];false;operation_et_comptabilite;relation_autorisee;false;docs/rgpd/cartographie.md
Order;Order;invoice;Invoice?;true;operation_et_comptabilite;relation_autorisee;false;docs/rgpd/cartographie.md
Order;Order;merchantPayoutId;String?;true;operation_et_comptabilite;volume_chiffre_requis_ou_donnee_publique;true;docs/rgpd/cartographie.md
Order;Order;merchantPayout;MerchantPayout?;true;operation_et_comptabilite;relation_autorisee;false;docs/rgpd/cartographie.md
Order;Order;idempotencyKey;String?;true;operation_et_comptabilite;volume_chiffre_requis_ou_donnee_publique;true;docs/rgpd/cartographie.md
Order;Order;idempotencyHash;String?;true;operation_et_comptabilite;empreinte;false;docs/rgpd/cartographie.md
Order;Order;createdAt;DateTime;false;operation_et_comptabilite;volume_chiffre_requis_ou_donnee_publique;true;docs/rgpd/cartographie.md
Order;Order;updatedAt;DateTime;false;operation_et_comptabilite;volume_chiffre_requis_ou_donnee_publique;false;docs/rgpd/cartographie.md
OrderTrackingToken;OrderTrackingToken;id;String;false;metier_revue_contexte;volume_chiffre_requis_ou_donnee_publique;true;docs/rgpd/cartographie.md
OrderTrackingToken;OrderTrackingToken;orderId;String;false;metier_revue_contexte;volume_chiffre_requis_ou_donnee_publique;true;docs/rgpd/cartographie.md
OrderTrackingToken;OrderTrackingToken;tokenHash;String;false;metier_revue_contexte;empreinte;true;docs/rgpd/cartographie.md
OrderTrackingToken;OrderTrackingToken;createdAt;DateTime;false;metier_revue_contexte;volume_chiffre_requis_ou_donnee_publique;false;docs/rgpd/cartographie.md
OrderTrackingToken;OrderTrackingToken;order;Order;false;metier_revue_contexte;relation_autorisee;false;docs/rgpd/cartographie.md
OrderItem;OrderItem;id;String;false;operation_et_comptabilite;volume_chiffre_requis_ou_donnee_publique;true;docs/rgpd/cartographie.md
OrderItem;OrderItem;orderId;String;false;operation_et_comptabilite;volume_chiffre_requis_ou_donnee_publique;true;docs/rgpd/cartographie.md
OrderItem;OrderItem;productId;String;false;operation_et_comptabilite;volume_chiffre_requis_ou_donnee_publique;true;docs/rgpd/cartographie.md
OrderItem;OrderItem;variantId;String?;true;operation_et_comptabilite;volume_chiffre_requis_ou_donnee_publique;false;docs/rgpd/cartographie.md
OrderItem;OrderItem;quantity;Int;false;operation_et_comptabilite;volume_chiffre_requis_ou_donnee_publique;false;docs/rgpd/cartographie.md
OrderItem;OrderItem;selectedOptions;Json;false;operation_et_comptabilite;volume_chiffre_requis_ou_donnee_publique;false;docs/rgpd/cartographie.md
OrderItem;OrderItem;price;Decimal;false;operation_et_comptabilite;volume_chiffre_requis_ou_donnee_publique;false;docs/rgpd/cartographie.md
OrderItem;OrderItem;total;Decimal;false;operation_et_comptabilite;volume_chiffre_requis_ou_donnee_publique;false;docs/rgpd/cartographie.md
OrderItem;OrderItem;taxRate;Decimal;false;operation_et_comptabilite;volume_chiffre_requis_ou_donnee_publique;false;docs/rgpd/cartographie.md
OrderItem;OrderItem;taxAmount;Decimal;false;operation_et_comptabilite;volume_chiffre_requis_ou_donnee_publique;false;docs/rgpd/cartographie.md
OrderItem;OrderItem;order;Order;false;operation_et_comptabilite;relation_autorisee;false;docs/rgpd/cartographie.md
OrderItem;OrderItem;product;Product;false;operation_et_comptabilite;relation_autorisee;false;docs/rgpd/cartographie.md
OrderItem;OrderItem;variant;ProductVariant?;true;operation_et_comptabilite;relation_autorisee;false;docs/rgpd/cartographie.md
OrderItem;OrderItem;createdAt;DateTime;false;operation_et_comptabilite;volume_chiffre_requis_ou_donnee_publique;false;docs/rgpd/cartographie.md
Payment;Payment;id;String;false;operation_et_comptabilite;volume_chiffre_requis_ou_donnee_publique;true;docs/rgpd/cartographie.md
Payment;Payment;orderId;String;false;operation_et_comptabilite;volume_chiffre_requis_ou_donnee_publique;true;docs/rgpd/cartographie.md
Payment;Payment;amount;Decimal;false;operation_et_comptabilite;volume_chiffre_requis_ou_donnee_publique;false;docs/rgpd/cartographie.md
Payment;Payment;currency;String;false;operation_et_comptabilite;volume_chiffre_requis_ou_donnee_publique;false;docs/rgpd/cartographie.md
Payment;Payment;status;PaymentStatus;false;operation_et_comptabilite;volume_chiffre_requis_ou_donnee_publique;false;docs/rgpd/cartographie.md
Payment;Payment;stripePaymentIntentId;String?;true;operation_et_comptabilite;volume_chiffre_requis_ou_donnee_publique;true;docs/rgpd/cartographie.md
Payment;Payment;stripeClientSecret;String?;true;operation_et_comptabilite;AES-256-GCM;false;docs/rgpd/cartographie.md
Payment;Payment;stripeStatus;String?;true;operation_et_comptabilite;volume_chiffre_requis_ou_donnee_publique;false;docs/rgpd/cartographie.md
Payment;Payment;paidAt;DateTime?;true;operation_et_comptabilite;volume_chiffre_requis_ou_donnee_publique;false;docs/rgpd/cartographie.md
Payment;Payment;refundedAt;DateTime?;true;operation_et_comptabilite;volume_chiffre_requis_ou_donnee_publique;false;docs/rgpd/cartographie.md
Payment;Payment;refundedAmount;Decimal?;true;operation_et_comptabilite;volume_chiffre_requis_ou_donnee_publique;false;docs/rgpd/cartographie.md
Payment;Payment;stripeRefundId;String?;true;operation_et_comptabilite;volume_chiffre_requis_ou_donnee_publique;false;docs/rgpd/cartographie.md
Payment;Payment;refundAccountedAmount;Decimal;false;operation_et_comptabilite;volume_chiffre_requis_ou_donnee_publique;false;docs/rgpd/cartographie.md
Payment;Payment;refundOperation;RefundOperation?;true;operation_et_comptabilite;relation_autorisee;false;docs/rgpd/cartographie.md
Payment;Payment;order;Order;false;operation_et_comptabilite;relation_autorisee;false;docs/rgpd/cartographie.md
Payment;Payment;createdAt;DateTime;false;operation_et_comptabilite;volume_chiffre_requis_ou_donnee_publique;false;docs/rgpd/cartographie.md
Payment;Payment;updatedAt;DateTime;false;operation_et_comptabilite;volume_chiffre_requis_ou_donnee_publique;false;docs/rgpd/cartographie.md
StripeEvent;StripeEvent;id;String;false;metier_revue_contexte;volume_chiffre_requis_ou_donnee_publique;true;docs/rgpd/cartographie.md
StripeEvent;StripeEvent;type;String;false;metier_revue_contexte;volume_chiffre_requis_ou_donnee_publique;true;docs/rgpd/cartographie.md
StripeEvent;StripeEvent;objectId;String?;true;metier_revue_contexte;volume_chiffre_requis_ou_donnee_publique;false;docs/rgpd/cartographie.md
StripeEvent;StripeEvent;orderId;String?;true;metier_revue_contexte;volume_chiffre_requis_ou_donnee_publique;true;docs/rgpd/cartographie.md
StripeEvent;StripeEvent;receivedAt;DateTime;false;metier_revue_contexte;volume_chiffre_requis_ou_donnee_publique;true;docs/rgpd/cartographie.md
StripeEvent;StripeEvent;processedAt;DateTime?;true;metier_revue_contexte;volume_chiffre_requis_ou_donnee_publique;false;docs/rgpd/cartographie.md
StripeEvent;StripeEvent;attempts;Int;false;metier_revue_contexte;volume_chiffre_requis_ou_donnee_publique;false;docs/rgpd/cartographie.md
StripeEvent;StripeEvent;lastError;String?;true;metier_revue_contexte;volume_chiffre_requis_ou_donnee_publique;false;docs/rgpd/cartographie.md
StripeEvent;StripeEvent;detail;Json?;true;metier_revue_contexte;volume_chiffre_requis_ou_donnee_publique;false;docs/rgpd/cartographie.md
Theme;Theme;id;String;false;metier_revue_contexte;volume_chiffre_requis_ou_donnee_publique;true;docs/rgpd/cartographie.md
Theme;Theme;storeId;String;false;metier_revue_contexte;volume_chiffre_requis_ou_donnee_publique;true;docs/rgpd/cartographie.md
Theme;Theme;config;Json;false;metier_revue_contexte;volume_chiffre_requis_ou_donnee_publique;false;docs/rgpd/cartographie.md
Theme;Theme;customCss;String?;true;metier_revue_contexte;volume_chiffre_requis_ou_donnee_publique;false;docs/rgpd/cartographie.md
Theme;Theme;status;String;false;metier_revue_contexte;volume_chiffre_requis_ou_donnee_publique;false;docs/rgpd/cartographie.md
Theme;Theme;store;Store;false;metier_revue_contexte;relation_autorisee;false;docs/rgpd/cartographie.md
Theme;Theme;createdAt;DateTime;false;metier_revue_contexte;volume_chiffre_requis_ou_donnee_publique;false;docs/rgpd/cartographie.md
Theme;Theme;updatedAt;DateTime;false;metier_revue_contexte;volume_chiffre_requis_ou_donnee_publique;false;docs/rgpd/cartographie.md
Courier;Driver;id;String;false;profil_prestation_localisation;volume_chiffre_requis_ou_donnee_publique;true;docs/rgpd/cartographie.md
Courier;Driver;userId;String?;true;profil_prestation_localisation;volume_chiffre_requis_ou_donnee_publique;true;docs/rgpd/cartographie.md
Courier;Driver;name;String;false;profil_prestation_localisation;volume_chiffre_requis_ou_donnee_publique;false;docs/rgpd/cartographie.md
Courier;Driver;email;String;false;profil_prestation_localisation;volume_chiffre_requis_ou_donnee_publique;true;docs/rgpd/cartographie.md
Courier;Driver;phone;String;false;profil_prestation_localisation;AES-256-GCM;false;docs/rgpd/cartographie.md
Courier;Driver;vehicleType;String;false;profil_prestation_localisation;volume_chiffre_requis_ou_donnee_publique;false;docs/rgpd/cartographie.md
Courier;Driver;vehiclePlate;String?;true;profil_prestation_localisation;AES-256-GCM;false;docs/rgpd/cartographie.md
Courier;Driver;licensePlate;String?;true;profil_prestation_localisation;AES-256-GCM;false;docs/rgpd/cartographie.md
Courier;Driver;latitude;Float?;true;profil_prestation_localisation;volume_chiffre_requis_ou_donnee_publique;false;docs/rgpd/cartographie.md
Courier;Driver;longitude;Float?;true;profil_prestation_localisation;volume_chiffre_requis_ou_donnee_publique;false;docs/rgpd/cartographie.md
Courier;Driver;lastLocationUpdate;DateTime?;true;profil_prestation_localisation;volume_chiffre_requis_ou_donnee_publique;false;docs/rgpd/cartographie.md
Courier;Driver;status;String;false;profil_prestation_localisation;volume_chiffre_requis_ou_donnee_publique;true;docs/rgpd/cartographie.md
Courier;Driver;approvedAt;DateTime?;true;profil_prestation_localisation;volume_chiffre_requis_ou_donnee_publique;false;docs/rgpd/cartographie.md
Courier;Driver;approvedBy;String?;true;profil_prestation_localisation;volume_chiffre_requis_ou_donnee_publique;false;docs/rgpd/cartographie.md
Courier;Driver;statusReason;String?;true;profil_prestation_localisation;volume_chiffre_requis_ou_donnee_publique;false;docs/rgpd/cartographie.md
Courier;Driver;isOnline;Boolean;false;profil_prestation_localisation;volume_chiffre_requis_ou_donnee_publique;true;docs/rgpd/cartographie.md
Courier;Driver;isAvailable;Boolean;false;profil_prestation_localisation;volume_chiffre_requis_ou_donnee_publique;false;docs/rgpd/cartographie.md
Courier;Driver;currentOrderId;String?;true;profil_prestation_localisation;volume_chiffre_requis_ou_donnee_publique;false;docs/rgpd/cartographie.md
Courier;Driver;pausedUntil;DateTime?;true;profil_prestation_localisation;volume_chiffre_requis_ou_donnee_publique;false;docs/rgpd/cartographie.md
Courier;Driver;pauseReason;String?;true;profil_prestation_localisation;volume_chiffre_requis_ou_donnee_publique;false;docs/rgpd/cartographie.md
Courier;Driver;gpsLostAt;DateTime?;true;profil_prestation_localisation;volume_chiffre_requis_ou_donnee_publique;false;docs/rgpd/cartographie.md
Courier;Driver;pushSubscription;Json?;true;profil_prestation_localisation;AES-256-GCM;false;docs/rgpd/cartographie.md
Courier;Driver;rating;Decimal;false;profil_prestation_localisation;volume_chiffre_requis_ou_donnee_publique;false;docs/rgpd/cartographie.md
Courier;Driver;totalRatings;Int;false;profil_prestation_localisation;volume_chiffre_requis_ou_donnee_publique;false;docs/rgpd/cartographie.md
Courier;Driver;totalEarnings;Decimal;false;profil_prestation_localisation;volume_chiffre_requis_ou_donnee_publique;false;docs/rgpd/cartographie.md
Courier;Driver;totalDeliveries;Int;false;profil_prestation_localisation;volume_chiffre_requis_ou_donnee_publique;false;docs/rgpd/cartographie.md
Courier;Driver;user;User?;true;profil_prestation_localisation;relation_autorisee;false;docs/rgpd/cartographie.md
Courier;Driver;deliveries;OrderDelivery[];false;profil_prestation_localisation;relation_autorisee;false;docs/rgpd/cartographie.md
Courier;Driver;tips;CourierTip[];false;profil_prestation_localisation;relation_autorisee;false;docs/rgpd/cartographie.md
Courier;Driver;offers;DeliveryOffer[];false;profil_prestation_localisation;relation_autorisee;false;docs/rgpd/cartographie.md
Courier;Driver;documents;CourierDocument[];false;profil_prestation_localisation;relation_autorisee;false;docs/rgpd/cartographie.md
Courier;Driver;payouts;CourierPayout[];false;profil_prestation_localisation;relation_autorisee;false;docs/rgpd/cartographie.md
Courier;Driver;iban;String?;true;profil_prestation_localisation;AES-256-GCM;false;docs/rgpd/cartographie.md
Courier;Driver;bic;String?;true;profil_prestation_localisation;AES-256-GCM;false;docs/rgpd/cartographie.md
Courier;Driver;accountHolder;String?;true;profil_prestation_localisation;AES-256-GCM;false;docs/rgpd/cartographie.md
Courier;Driver;ratings;CourierRating[];false;profil_prestation_localisation;relation_autorisee;false;docs/rgpd/cartographie.md
Courier;Driver;supportMessages;CourierSupportMessage[];false;profil_prestation_localisation;relation_autorisee;false;docs/rgpd/cartographie.md
Courier;Driver;deliveryIncidents;DeliveryIncident[];false;profil_prestation_localisation;relation_autorisee;false;docs/rgpd/cartographie.md
Courier;Driver;suppressionDemandeeLe;DateTime?;true;profil_prestation_localisation;volume_chiffre_requis_ou_donnee_publique;false;docs/rgpd/cartographie.md
Courier;Driver;createdAt;DateTime;false;profil_prestation_localisation;volume_chiffre_requis_ou_donnee_publique;false;docs/rgpd/cartographie.md
Courier;Driver;updatedAt;DateTime;false;profil_prestation_localisation;volume_chiffre_requis_ou_donnee_publique;false;docs/rgpd/cartographie.md
CourierSupportMessage;DriverSupportMessage;id;String;false;support_incident;volume_chiffre_requis_ou_donnee_publique;true;docs/rgpd/cartographie.md
CourierSupportMessage;DriverSupportMessage;driverId;String;false;support_incident;volume_chiffre_requis_ou_donnee_publique;true;docs/rgpd/cartographie.md
CourierSupportMessage;DriverSupportMessage;sender;String;false;support_incident;volume_chiffre_requis_ou_donnee_publique;true;docs/rgpd/cartographie.md
CourierSupportMessage;DriverSupportMessage;authorId;String?;true;support_incident;volume_chiffre_requis_ou_donnee_publique;false;docs/rgpd/cartographie.md
CourierSupportMessage;DriverSupportMessage;body;String;false;support_incident;AES-256-GCM;false;docs/rgpd/cartographie.md
CourierSupportMessage;DriverSupportMessage;deliveryId;String?;true;support_incident;volume_chiffre_requis_ou_donnee_publique;false;docs/rgpd/cartographie.md
CourierSupportMessage;DriverSupportMessage;readAt;DateTime?;true;support_incident;volume_chiffre_requis_ou_donnee_publique;true;docs/rgpd/cartographie.md
CourierSupportMessage;DriverSupportMessage;driver;Courier;false;support_incident;relation_autorisee;false;docs/rgpd/cartographie.md
CourierSupportMessage;DriverSupportMessage;createdAt;DateTime;false;support_incident;volume_chiffre_requis_ou_donnee_publique;true;docs/rgpd/cartographie.md
CourierDocument;DriverDocument;id;String;false;document_sensible;volume_chiffre_requis_ou_donnee_publique;true;docs/rgpd/cartographie.md
CourierDocument;DriverDocument;driverId;String;false;document_sensible;volume_chiffre_requis_ou_donnee_publique;true;docs/rgpd/cartographie.md
CourierDocument;DriverDocument;type;String;false;document_sensible;volume_chiffre_requis_ou_donnee_publique;false;docs/rgpd/cartographie.md
CourierDocument;DriverDocument;documentUrl;String;false;document_sensible;reference_fichier_AES-GCM;false;docs/rgpd/cartographie.md
CourierDocument;DriverDocument;expiryDate;DateTime?;true;document_sensible;volume_chiffre_requis_ou_donnee_publique;false;docs/rgpd/cartographie.md
CourierDocument;DriverDocument;status;String;false;document_sensible;volume_chiffre_requis_ou_donnee_publique;true;docs/rgpd/cartographie.md
CourierDocument;DriverDocument;reviewNote;String?;true;document_sensible;AES-256-GCM;false;docs/rgpd/cartographie.md
CourierDocument;DriverDocument;reviewedAt;DateTime?;true;document_sensible;volume_chiffre_requis_ou_donnee_publique;false;docs/rgpd/cartographie.md
CourierDocument;DriverDocument;driver;Courier;false;document_sensible;relation_autorisee;false;docs/rgpd/cartographie.md
CourierDocument;DriverDocument;createdAt;DateTime;false;document_sensible;volume_chiffre_requis_ou_donnee_publique;false;docs/rgpd/cartographie.md
CourierDocument;DriverDocument;updatedAt;DateTime;false;document_sensible;volume_chiffre_requis_ou_donnee_publique;false;docs/rgpd/cartographie.md
OrderDelivery;OrderDelivery;id;String;false;profil_prestation_localisation;volume_chiffre_requis_ou_donnee_publique;true;docs/rgpd/cartographie.md
OrderDelivery;OrderDelivery;orderId;String;false;profil_prestation_localisation;volume_chiffre_requis_ou_donnee_publique;true;docs/rgpd/cartographie.md
OrderDelivery;OrderDelivery;driverId;String?;true;profil_prestation_localisation;volume_chiffre_requis_ou_donnee_publique;true;docs/rgpd/cartographie.md
OrderDelivery;OrderDelivery;pickupTime;DateTime?;true;profil_prestation_localisation;volume_chiffre_requis_ou_donnee_publique;false;docs/rgpd/cartographie.md
OrderDelivery;OrderDelivery;deliveryTime;DateTime?;true;profil_prestation_localisation;volume_chiffre_requis_ou_donnee_publique;false;docs/rgpd/cartographie.md
OrderDelivery;OrderDelivery;estimatedTime;DateTime?;true;profil_prestation_localisation;volume_chiffre_requis_ou_donnee_publique;false;docs/rgpd/cartographie.md
OrderDelivery;OrderDelivery;actualTime;DateTime?;true;profil_prestation_localisation;volume_chiffre_requis_ou_donnee_publique;false;docs/rgpd/cartographie.md
OrderDelivery;OrderDelivery;pickupLat;Float?;true;profil_prestation_localisation;volume_chiffre_requis_ou_donnee_publique;false;docs/rgpd/cartographie.md
OrderDelivery;OrderDelivery;pickupLng;Float?;true;profil_prestation_localisation;volume_chiffre_requis_ou_donnee_publique;false;docs/rgpd/cartographie.md
OrderDelivery;OrderDelivery;deliveryLat;Float?;true;profil_prestation_localisation;volume_chiffre_requis_ou_donnee_publique;false;docs/rgpd/cartographie.md
OrderDelivery;OrderDelivery;deliveryLng;Float?;true;profil_prestation_localisation;volume_chiffre_requis_ou_donnee_publique;false;docs/rgpd/cartographie.md
OrderDelivery;OrderDelivery;deliveryLatObfusquee;Float?;true;profil_prestation_localisation;volume_chiffre_requis_ou_donnee_publique;false;docs/rgpd/cartographie.md
OrderDelivery;OrderDelivery;deliveryLngObfusquee;Float?;true;profil_prestation_localisation;volume_chiffre_requis_ou_donnee_publique;false;docs/rgpd/cartographie.md
OrderDelivery;OrderDelivery;driverLat;Float?;true;profil_prestation_localisation;volume_chiffre_requis_ou_donnee_publique;false;docs/rgpd/cartographie.md
OrderDelivery;OrderDelivery;driverLng;Float?;true;profil_prestation_localisation;volume_chiffre_requis_ou_donnee_publique;false;docs/rgpd/cartographie.md
OrderDelivery;OrderDelivery;driverLocationAt;DateTime?;true;profil_prestation_localisation;volume_chiffre_requis_ou_donnee_publique;false;docs/rgpd/cartographie.md
OrderDelivery;OrderDelivery;status;String;false;profil_prestation_localisation;volume_chiffre_requis_ou_donnee_publique;true;docs/rgpd/cartographie.md
OrderDelivery;OrderDelivery;distanceKm;Float?;true;profil_prestation_localisation;volume_chiffre_requis_ou_donnee_publique;false;docs/rgpd/cartographie.md
OrderDelivery;OrderDelivery;driverPayout;Decimal?;true;profil_prestation_localisation;volume_chiffre_requis_ou_donnee_publique;false;docs/rgpd/cartographie.md
OrderDelivery;OrderDelivery;platformFee;Decimal?;true;profil_prestation_localisation;volume_chiffre_requis_ou_donnee_publique;false;docs/rgpd/cartographie.md
OrderDelivery;OrderDelivery;assignedAt;DateTime?;true;profil_prestation_localisation;volume_chiffre_requis_ou_donnee_publique;false;docs/rgpd/cartographie.md
OrderDelivery;OrderDelivery;deliveryCode;String?;true;profil_prestation_localisation;AES-256-GCM;false;docs/rgpd/cartographie.md
OrderDelivery;OrderDelivery;codeAttempts;Int;false;profil_prestation_localisation;volume_chiffre_requis_ou_donnee_publique;false;docs/rgpd/cartographie.md
OrderDelivery;OrderDelivery;proofType;String?;true;profil_prestation_localisation;volume_chiffre_requis_ou_donnee_publique;false;docs/rgpd/cartographie.md
OrderDelivery;OrderDelivery;proofPhoto;String?;true;profil_prestation_localisation;volume_chiffre_requis_ou_donnee_publique;false;docs/rgpd/cartographie.md
OrderDelivery;OrderDelivery;proofNote;String?;true;profil_prestation_localisation;AES-256-GCM;false;docs/rgpd/cartographie.md
OrderDelivery;OrderDelivery;proofAt;DateTime?;true;profil_prestation_localisation;volume_chiffre_requis_ou_donnee_publique;false;docs/rgpd/cartographie.md
OrderDelivery;OrderDelivery;proofLat;Float?;true;profil_prestation_localisation;volume_chiffre_requis_ou_donnee_publique;false;docs/rgpd/cartographie.md
OrderDelivery;OrderDelivery;proofLng;Float?;true;profil_prestation_localisation;volume_chiffre_requis_ou_donnee_publique;false;docs/rgpd/cartographie.md
OrderDelivery;OrderDelivery;proofAccuracy;Float?;true;profil_prestation_localisation;volume_chiffre_requis_ou_donnee_publique;false;docs/rgpd/cartographie.md
OrderDelivery;OrderDelivery;proofPositionAt;DateTime?;true;profil_prestation_localisation;volume_chiffre_requis_ou_donnee_publique;false;docs/rgpd/cartographie.md
OrderDelivery;OrderDelivery;nearCustomerNotifiedAt;DateTime?;true;profil_prestation_localisation;volume_chiffre_requis_ou_donnee_publique;false;docs/rgpd/cartographie.md
OrderDelivery;OrderDelivery;customerWaitStartedAt;DateTime?;true;profil_prestation_localisation;volume_chiffre_requis_ou_donnee_publique;false;docs/rgpd/cartographie.md
OrderDelivery;OrderDelivery;customerWaitLeftAt;DateTime?;true;profil_prestation_localisation;volume_chiffre_requis_ou_donnee_publique;false;docs/rgpd/cartographie.md
OrderDelivery;OrderDelivery;payoutHold;String?;true;profil_prestation_localisation;volume_chiffre_requis_ou_donnee_publique;true;docs/rgpd/cartographie.md
OrderDelivery;OrderDelivery;payoutHoldReason;String?;true;profil_prestation_localisation;volume_chiffre_requis_ou_donnee_publique;false;docs/rgpd/cartographie.md
OrderDelivery;OrderDelivery;payoutHoldReleasedAt;DateTime?;true;profil_prestation_localisation;volume_chiffre_requis_ou_donnee_publique;false;docs/rgpd/cartographie.md
OrderDelivery;OrderDelivery;payoutId;String?;true;profil_prestation_localisation;volume_chiffre_requis_ou_donnee_publique;true;docs/rgpd/cartographie.md
OrderDelivery;OrderDelivery;cancelledBy;String?;true;profil_prestation_localisation;volume_chiffre_requis_ou_donnee_publique;false;docs/rgpd/cartographie.md
OrderDelivery;OrderDelivery;cancellationReason;String?;true;profil_prestation_localisation;volume_chiffre_requis_ou_donnee_publique;false;docs/rgpd/cartographie.md
OrderDelivery;OrderDelivery;order;Order;false;profil_prestation_localisation;relation_autorisee;false;docs/rgpd/cartographie.md
OrderDelivery;OrderDelivery;driver;Courier?;true;profil_prestation_localisation;relation_autorisee;false;docs/rgpd/cartographie.md
OrderDelivery;OrderDelivery;offers;DeliveryOffer[];false;profil_prestation_localisation;relation_autorisee;false;docs/rgpd/cartographie.md
OrderDelivery;OrderDelivery;payout;CourierPayout?;true;profil_prestation_localisation;relation_autorisee;false;docs/rgpd/cartographie.md
OrderDelivery;OrderDelivery;rating;CourierRating?;true;profil_prestation_localisation;relation_autorisee;false;docs/rgpd/cartographie.md
OrderDelivery;OrderDelivery;ordreRemise;Int?;true;profil_prestation_localisation;volume_chiffre_requis_ou_donnee_publique;false;docs/rgpd/cartographie.md
OrderDelivery;OrderDelivery;reservedDriverId;String?;true;profil_prestation_localisation;volume_chiffre_requis_ou_donnee_publique;true;docs/rgpd/cartographie.md
OrderDelivery;OrderDelivery;reservedAt;DateTime?;true;profil_prestation_localisation;volume_chiffre_requis_ou_donnee_publique;false;docs/rgpd/cartographie.md
OrderDelivery;OrderDelivery;driftStartedAt;DateTime?;true;profil_prestation_localisation;volume_chiffre_requis_ou_donnee_publique;false;docs/rgpd/cartographie.md
OrderDelivery;OrderDelivery;incidents;DeliveryIncident[];false;profil_prestation_localisation;relation_autorisee;false;docs/rgpd/cartographie.md
OrderDelivery;OrderDelivery;createdAt;DateTime;false;profil_prestation_localisation;volume_chiffre_requis_ou_donnee_publique;false;docs/rgpd/cartographie.md
OrderDelivery;OrderDelivery;updatedAt;DateTime;false;profil_prestation_localisation;volume_chiffre_requis_ou_donnee_publique;false;docs/rgpd/cartographie.md
MerchantPayout;MerchantPayout;id;String;false;operation_et_comptabilite;volume_chiffre_requis_ou_donnee_publique;true;docs/rgpd/cartographie.md
MerchantPayout;MerchantPayout;orgId;String;false;operation_et_comptabilite;volume_chiffre_requis_ou_donnee_publique;true;docs/rgpd/cartographie.md
MerchantPayout;MerchantPayout;periodStart;DateTime;false;operation_et_comptabilite;volume_chiffre_requis_ou_donnee_publique;true;docs/rgpd/cartographie.md
MerchantPayout;MerchantPayout;periodEnd;DateTime;false;operation_et_comptabilite;volume_chiffre_requis_ou_donnee_publique;false;docs/rgpd/cartographie.md
MerchantPayout;MerchantPayout;orderCount;Int;false;operation_et_comptabilite;volume_chiffre_requis_ou_donnee_publique;false;docs/rgpd/cartographie.md
MerchantPayout;MerchantPayout;lines;Json;false;operation_et_comptabilite;volume_chiffre_requis_ou_donnee_publique;false;docs/rgpd/cartographie.md
MerchantPayout;MerchantPayout;amount;Decimal;false;operation_et_comptabilite;volume_chiffre_requis_ou_donnee_publique;false;docs/rgpd/cartographie.md
MerchantPayout;MerchantPayout;status;String;false;operation_et_comptabilite;volume_chiffre_requis_ou_donnee_publique;true;docs/rgpd/cartographie.md
MerchantPayout;MerchantPayout;carriedToId;String?;true;operation_et_comptabilite;volume_chiffre_requis_ou_donnee_publique;false;docs/rgpd/cartographie.md
MerchantPayout;MerchantPayout;method;String?;true;operation_et_comptabilite;volume_chiffre_requis_ou_donnee_publique;false;docs/rgpd/cartographie.md
MerchantPayout;MerchantPayout;reference;String?;true;operation_et_comptabilite;volume_chiffre_requis_ou_donnee_publique;false;docs/rgpd/cartographie.md
MerchantPayout;MerchantPayout;paidAt;DateTime?;true;operation_et_comptabilite;volume_chiffre_requis_ou_donnee_publique;false;docs/rgpd/cartographie.md
MerchantPayout;MerchantPayout;paidBy;String?;true;operation_et_comptabilite;volume_chiffre_requis_ou_donnee_publique;false;docs/rgpd/cartographie.md
MerchantPayout;MerchantPayout;note;String?;true;operation_et_comptabilite;volume_chiffre_requis_ou_donnee_publique;false;docs/rgpd/cartographie.md
MerchantPayout;MerchantPayout;batchId;String?;true;operation_et_comptabilite;volume_chiffre_requis_ou_donnee_publique;true;docs/rgpd/cartographie.md
MerchantPayout;MerchantPayout;batch;PayoutBatch?;true;operation_et_comptabilite;relation_autorisee;false;docs/rgpd/cartographie.md
MerchantPayout;MerchantPayout;org;Organization;false;operation_et_comptabilite;relation_autorisee;false;docs/rgpd/cartographie.md
MerchantPayout;MerchantPayout;orders;Order[];false;operation_et_comptabilite;relation_autorisee;false;docs/rgpd/cartographie.md
MerchantPayout;MerchantPayout;createdAt;DateTime;false;operation_et_comptabilite;volume_chiffre_requis_ou_donnee_publique;false;docs/rgpd/cartographie.md
MerchantPayout;MerchantPayout;updatedAt;DateTime;false;operation_et_comptabilite;volume_chiffre_requis_ou_donnee_publique;false;docs/rgpd/cartographie.md
PayoutBatch;PayoutBatch;id;String;false;metier_revue_contexte;volume_chiffre_requis_ou_donnee_publique;true;docs/rgpd/cartographie.md
PayoutBatch;PayoutBatch;reference;String;false;metier_revue_contexte;volume_chiffre_requis_ou_donnee_publique;true;docs/rgpd/cartographie.md
PayoutBatch;PayoutBatch;status;String;false;metier_revue_contexte;volume_chiffre_requis_ou_donnee_publique;true;docs/rgpd/cartographie.md
PayoutBatch;PayoutBatch;total;Decimal;false;metier_revue_contexte;volume_chiffre_requis_ou_donnee_publique;false;docs/rgpd/cartographie.md
PayoutBatch;PayoutBatch;itemCount;Int;false;metier_revue_contexte;volume_chiffre_requis_ou_donnee_publique;false;docs/rgpd/cartographie.md
PayoutBatch;PayoutBatch;itemsJson;Json;false;metier_revue_contexte;AES-256-GCM;false;docs/rgpd/cartographie.md
PayoutBatch;PayoutBatch;xmlSha256;String?;true;metier_revue_contexte;volume_chiffre_requis_ou_donnee_publique;false;docs/rgpd/cartographie.md
PayoutBatch;PayoutBatch;bankReference;String?;true;metier_revue_contexte;volume_chiffre_requis_ou_donnee_publique;false;docs/rgpd/cartographie.md
PayoutBatch;PayoutBatch;note;String?;true;metier_revue_contexte;volume_chiffre_requis_ou_donnee_publique;false;docs/rgpd/cartographie.md
PayoutBatch;PayoutBatch;createdBy;String;false;metier_revue_contexte;volume_chiffre_requis_ou_donnee_publique;false;docs/rgpd/cartographie.md
PayoutBatch;PayoutBatch;approvedBy;String?;true;metier_revue_contexte;volume_chiffre_requis_ou_donnee_publique;false;docs/rgpd/cartographie.md
PayoutBatch;PayoutBatch;approvedAt;DateTime?;true;metier_revue_contexte;volume_chiffre_requis_ou_donnee_publique;false;docs/rgpd/cartographie.md
PayoutBatch;PayoutBatch;exportedBy;String?;true;metier_revue_contexte;volume_chiffre_requis_ou_donnee_publique;false;docs/rgpd/cartographie.md
PayoutBatch;PayoutBatch;exportedAt;DateTime?;true;metier_revue_contexte;volume_chiffre_requis_ou_donnee_publique;false;docs/rgpd/cartographie.md
PayoutBatch;PayoutBatch;submittedAt;DateTime?;true;metier_revue_contexte;volume_chiffre_requis_ou_donnee_publique;false;docs/rgpd/cartographie.md
PayoutBatch;PayoutBatch;closedBy;String?;true;metier_revue_contexte;volume_chiffre_requis_ou_donnee_publique;false;docs/rgpd/cartographie.md
PayoutBatch;PayoutBatch;closedAt;DateTime?;true;metier_revue_contexte;volume_chiffre_requis_ou_donnee_publique;false;docs/rgpd/cartographie.md
PayoutBatch;PayoutBatch;merchantPayouts;MerchantPayout[];false;metier_revue_contexte;relation_autorisee;false;docs/rgpd/cartographie.md
PayoutBatch;PayoutBatch;courierPayouts;CourierPayout[];false;metier_revue_contexte;relation_autorisee;false;docs/rgpd/cartographie.md
PayoutBatch;PayoutBatch;createdAt;DateTime;false;metier_revue_contexte;volume_chiffre_requis_ou_donnee_publique;false;docs/rgpd/cartographie.md
PayoutBatch;PayoutBatch;updatedAt;DateTime;false;metier_revue_contexte;volume_chiffre_requis_ou_donnee_publique;false;docs/rgpd/cartographie.md
CourierPayout;DriverPayout;id;String;false;operation_et_comptabilite;volume_chiffre_requis_ou_donnee_publique;true;docs/rgpd/cartographie.md
CourierPayout;DriverPayout;driverId;String;false;operation_et_comptabilite;volume_chiffre_requis_ou_donnee_publique;true;docs/rgpd/cartographie.md
CourierPayout;DriverPayout;beneficiaryJson;Json;false;operation_et_comptabilite;AES-256-GCM;false;docs/rgpd/cartographie.md
CourierPayout;DriverPayout;periodStart;DateTime;false;operation_et_comptabilite;volume_chiffre_requis_ou_donnee_publique;true;docs/rgpd/cartographie.md
CourierPayout;DriverPayout;periodEnd;DateTime;false;operation_et_comptabilite;volume_chiffre_requis_ou_donnee_publique;false;docs/rgpd/cartographie.md
CourierPayout;DriverPayout;deliveryCount;Int;false;operation_et_comptabilite;volume_chiffre_requis_ou_donnee_publique;false;docs/rgpd/cartographie.md
CourierPayout;DriverPayout;amount;Decimal;false;operation_et_comptabilite;volume_chiffre_requis_ou_donnee_publique;false;docs/rgpd/cartographie.md
CourierPayout;DriverPayout;status;String;false;operation_et_comptabilite;volume_chiffre_requis_ou_donnee_publique;true;docs/rgpd/cartographie.md
CourierPayout;DriverPayout;method;String?;true;operation_et_comptabilite;volume_chiffre_requis_ou_donnee_publique;false;docs/rgpd/cartographie.md
CourierPayout;DriverPayout;reference;String?;true;operation_et_comptabilite;volume_chiffre_requis_ou_donnee_publique;false;docs/rgpd/cartographie.md
CourierPayout;DriverPayout;paidAt;DateTime?;true;operation_et_comptabilite;volume_chiffre_requis_ou_donnee_publique;false;docs/rgpd/cartographie.md
CourierPayout;DriverPayout;paidBy;String?;true;operation_et_comptabilite;volume_chiffre_requis_ou_donnee_publique;false;docs/rgpd/cartographie.md
CourierPayout;DriverPayout;note;String?;true;operation_et_comptabilite;volume_chiffre_requis_ou_donnee_publique;false;docs/rgpd/cartographie.md
CourierPayout;DriverPayout;batchId;String?;true;operation_et_comptabilite;volume_chiffre_requis_ou_donnee_publique;true;docs/rgpd/cartographie.md
CourierPayout;DriverPayout;batch;PayoutBatch?;true;operation_et_comptabilite;relation_autorisee;false;docs/rgpd/cartographie.md
CourierPayout;DriverPayout;driver;Courier;false;operation_et_comptabilite;relation_autorisee;false;docs/rgpd/cartographie.md
CourierPayout;DriverPayout;deliveries;OrderDelivery[];false;operation_et_comptabilite;relation_autorisee;false;docs/rgpd/cartographie.md
CourierPayout;DriverPayout;tips;CourierTip[];false;operation_et_comptabilite;relation_autorisee;false;docs/rgpd/cartographie.md
CourierPayout;DriverPayout;createdAt;DateTime;false;operation_et_comptabilite;volume_chiffre_requis_ou_donnee_publique;false;docs/rgpd/cartographie.md
CourierPayout;DriverPayout;updatedAt;DateTime;false;operation_et_comptabilite;volume_chiffre_requis_ou_donnee_publique;false;docs/rgpd/cartographie.md
DeliveryOffer;DeliveryOffer;id;String;false;profil_prestation_localisation;volume_chiffre_requis_ou_donnee_publique;true;docs/rgpd/cartographie.md
DeliveryOffer;DeliveryOffer;deliveryId;String;false;profil_prestation_localisation;volume_chiffre_requis_ou_donnee_publique;true;docs/rgpd/cartographie.md
DeliveryOffer;DeliveryOffer;driverId;String;false;profil_prestation_localisation;volume_chiffre_requis_ou_donnee_publique;true;docs/rgpd/cartographie.md
DeliveryOffer;DeliveryOffer;status;String;false;profil_prestation_localisation;volume_chiffre_requis_ou_donnee_publique;true;docs/rgpd/cartographie.md
DeliveryOffer;DeliveryOffer;distanceKm;Float?;true;profil_prestation_localisation;volume_chiffre_requis_ou_donnee_publique;false;docs/rgpd/cartographie.md
DeliveryOffer;DeliveryOffer;payout;Decimal?;true;profil_prestation_localisation;volume_chiffre_requis_ou_donnee_publique;false;docs/rgpd/cartographie.md
DeliveryOffer;DeliveryOffer;offeredAt;DateTime;false;profil_prestation_localisation;volume_chiffre_requis_ou_donnee_publique;false;docs/rgpd/cartographie.md
DeliveryOffer;DeliveryOffer;expiresAt;DateTime;false;profil_prestation_localisation;volume_chiffre_requis_ou_donnee_publique;true;docs/rgpd/cartographie.md
DeliveryOffer;DeliveryOffer;respondedAt;DateTime?;true;profil_prestation_localisation;volume_chiffre_requis_ou_donnee_publique;false;docs/rgpd/cartographie.md
DeliveryOffer;DeliveryOffer;attempts;Int;false;profil_prestation_localisation;volume_chiffre_requis_ou_donnee_publique;false;docs/rgpd/cartographie.md
DeliveryOffer;DeliveryOffer;batchId;String?;true;profil_prestation_localisation;volume_chiffre_requis_ou_donnee_publique;true;docs/rgpd/cartographie.md
DeliveryOffer;DeliveryOffer;ajout;Boolean;false;profil_prestation_localisation;volume_chiffre_requis_ou_donnee_publique;false;docs/rgpd/cartographie.md
DeliveryOffer;DeliveryOffer;horsLimite;Boolean;false;profil_prestation_localisation;volume_chiffre_requis_ou_donnee_publique;false;docs/rgpd/cartographie.md
DeliveryOffer;DeliveryOffer;bientotLibre;Boolean;false;profil_prestation_localisation;volume_chiffre_requis_ou_donnee_publique;false;docs/rgpd/cartographie.md
DeliveryOffer;DeliveryOffer;libreDansSecondes;Int?;true;profil_prestation_localisation;volume_chiffre_requis_ou_donnee_publique;false;docs/rgpd/cartographie.md
DeliveryOffer;DeliveryOffer;delivery;OrderDelivery;false;profil_prestation_localisation;relation_autorisee;false;docs/rgpd/cartographie.md
DeliveryOffer;DeliveryOffer;driver;Courier;false;profil_prestation_localisation;relation_autorisee;false;docs/rgpd/cartographie.md
DeliveryOffer;DeliveryOffer;createdAt;DateTime;false;profil_prestation_localisation;volume_chiffre_requis_ou_donnee_publique;false;docs/rgpd/cartographie.md
DeliveryOffer;DeliveryOffer;updatedAt;DateTime;false;profil_prestation_localisation;volume_chiffre_requis_ou_donnee_publique;false;docs/rgpd/cartographie.md
DeliveryIncident;DeliveryIncident;id;String;false;support_incident;volume_chiffre_requis_ou_donnee_publique;true;docs/rgpd/cartographie.md
DeliveryIncident;DeliveryIncident;deliveryId;String;false;support_incident;volume_chiffre_requis_ou_donnee_publique;true;docs/rgpd/cartographie.md
DeliveryIncident;DeliveryIncident;driverId;String;false;support_incident;volume_chiffre_requis_ou_donnee_publique;true;docs/rgpd/cartographie.md
DeliveryIncident;DeliveryIncident;assignedAt;DateTime;false;support_incident;volume_chiffre_requis_ou_donnee_publique;true;docs/rgpd/cartographie.md
DeliveryIncident;DeliveryIncident;type;String;false;support_incident;volume_chiffre_requis_ou_donnee_publique;true;docs/rgpd/cartographie.md
DeliveryIncident;DeliveryIncident;phase;String;false;support_incident;volume_chiffre_requis_ou_donnee_publique;false;docs/rgpd/cartographie.md
DeliveryIncident;DeliveryIncident;detail;String;false;support_incident;volume_chiffre_requis_ou_donnee_publique;false;docs/rgpd/cartographie.md
DeliveryIncident;DeliveryIncident;minutes;Int?;true;support_incident;volume_chiffre_requis_ou_donnee_publique;false;docs/rgpd/cartographie.md
DeliveryIncident;DeliveryIncident;distanceKm;Float?;true;support_incident;volume_chiffre_requis_ou_donnee_publique;false;docs/rgpd/cartographie.md
DeliveryIncident;DeliveryIncident;lastAlertAt;DateTime?;true;support_incident;volume_chiffre_requis_ou_donnee_publique;false;docs/rgpd/cartographie.md
DeliveryIncident;DeliveryIncident;alertCount;Int;false;support_incident;volume_chiffre_requis_ou_donnee_publique;false;docs/rgpd/cartographie.md
DeliveryIncident;DeliveryIncident;closedAt;DateTime?;true;support_incident;volume_chiffre_requis_ou_donnee_publique;true;docs/rgpd/cartographie.md
DeliveryIncident;DeliveryIncident;closedBy;String?;true;support_incident;volume_chiffre_requis_ou_donnee_publique;false;docs/rgpd/cartographie.md
DeliveryIncident;DeliveryIncident;resolution;String?;true;support_incident;volume_chiffre_requis_ou_donnee_publique;false;docs/rgpd/cartographie.md
DeliveryIncident;DeliveryIncident;delivery;OrderDelivery;false;support_incident;relation_autorisee;false;docs/rgpd/cartographie.md
DeliveryIncident;DeliveryIncident;driver;Courier;false;support_incident;relation_autorisee;false;docs/rgpd/cartographie.md
DeliveryIncident;DeliveryIncident;createdAt;DateTime;false;support_incident;volume_chiffre_requis_ou_donnee_publique;true;docs/rgpd/cartographie.md
DeliveryIncident;DeliveryIncident;updatedAt;DateTime;false;support_incident;volume_chiffre_requis_ou_donnee_publique;false;docs/rgpd/cartographie.md
DeliveryZone;DeliveryZone;id;String;false;metier_revue_contexte;volume_chiffre_requis_ou_donnee_publique;true;docs/rgpd/cartographie.md
DeliveryZone;DeliveryZone;storeId;String;false;metier_revue_contexte;volume_chiffre_requis_ou_donnee_publique;true;docs/rgpd/cartographie.md
DeliveryZone;DeliveryZone;name;String;false;metier_revue_contexte;volume_chiffre_requis_ou_donnee_publique;false;docs/rgpd/cartographie.md
DeliveryZone;DeliveryZone;type;DeliveryZoneType;false;metier_revue_contexte;volume_chiffre_requis_ou_donnee_publique;false;docs/rgpd/cartographie.md
DeliveryZone;DeliveryZone;radiusKm;Float?;true;metier_revue_contexte;volume_chiffre_requis_ou_donnee_publique;false;docs/rgpd/cartographie.md
DeliveryZone;DeliveryZone;deliveryMinutes;Int?;true;metier_revue_contexte;volume_chiffre_requis_ou_donnee_publique;false;docs/rgpd/cartographie.md
DeliveryZone;DeliveryZone;isActive;Boolean;false;metier_revue_contexte;volume_chiffre_requis_ou_donnee_publique;false;docs/rgpd/cartographie.md
DeliveryZone;DeliveryZone;polygon;Json?;true;metier_revue_contexte;volume_chiffre_requis_ou_donnee_publique;false;docs/rgpd/cartographie.md
DeliveryZone;DeliveryZone;color;String;false;metier_revue_contexte;volume_chiffre_requis_ou_donnee_publique;false;docs/rgpd/cartographie.md
DeliveryZone;DeliveryZone;opacity;Float;false;metier_revue_contexte;volume_chiffre_requis_ou_donnee_publique;false;docs/rgpd/cartographie.md
DeliveryZone;DeliveryZone;baseFee;Decimal;false;metier_revue_contexte;volume_chiffre_requis_ou_donnee_publique;false;docs/rgpd/cartographie.md
DeliveryZone;DeliveryZone;minOrder;Decimal;false;metier_revue_contexte;volume_chiffre_requis_ou_donnee_publique;false;docs/rgpd/cartographie.md
DeliveryZone;DeliveryZone;freeAbove;Decimal?;true;metier_revue_contexte;volume_chiffre_requis_ou_donnee_publique;false;docs/rgpd/cartographie.md
DeliveryZone;DeliveryZone;store;Store;false;metier_revue_contexte;relation_autorisee;false;docs/rgpd/cartographie.md
DeliveryZone;DeliveryZone;createdAt;DateTime;false;metier_revue_contexte;volume_chiffre_requis_ou_donnee_publique;false;docs/rgpd/cartographie.md
DeliveryZone;DeliveryZone;updatedAt;DateTime;false;metier_revue_contexte;volume_chiffre_requis_ou_donnee_publique;false;docs/rgpd/cartographie.md
Promotion;Promotion;id;String;false;metier_revue_contexte;volume_chiffre_requis_ou_donnee_publique;true;docs/rgpd/cartographie.md
Promotion;Promotion;storeId;String;false;metier_revue_contexte;volume_chiffre_requis_ou_donnee_publique;true;docs/rgpd/cartographie.md
Promotion;Promotion;code;String;false;metier_revue_contexte;volume_chiffre_requis_ou_donnee_publique;true;docs/rgpd/cartographie.md
Promotion;Promotion;description;String?;true;metier_revue_contexte;volume_chiffre_requis_ou_donnee_publique;false;docs/rgpd/cartographie.md
Promotion;Promotion;type;PromotionType;false;metier_revue_contexte;volume_chiffre_requis_ou_donnee_publique;false;docs/rgpd/cartographie.md
Promotion;Promotion;discountType;String;false;metier_revue_contexte;volume_chiffre_requis_ou_donnee_publique;false;docs/rgpd/cartographie.md
Promotion;Promotion;discountValue;Decimal;false;metier_revue_contexte;volume_chiffre_requis_ou_donnee_publique;false;docs/rgpd/cartographie.md
Promotion;Promotion;applicableToAll;Boolean;false;metier_revue_contexte;volume_chiffre_requis_ou_donnee_publique;false;docs/rgpd/cartographie.md
Promotion;Promotion;productIds;String[];false;metier_revue_contexte;volume_chiffre_requis_ou_donnee_publique;false;docs/rgpd/cartographie.md
Promotion;Promotion;categoryIds;String[];false;metier_revue_contexte;volume_chiffre_requis_ou_donnee_publique;false;docs/rgpd/cartographie.md
Promotion;Promotion;startDate;DateTime?;true;metier_revue_contexte;volume_chiffre_requis_ou_donnee_publique;false;docs/rgpd/cartographie.md
Promotion;Promotion;endDate;DateTime?;true;metier_revue_contexte;volume_chiffre_requis_ou_donnee_publique;false;docs/rgpd/cartographie.md
Promotion;Promotion;expiresAt;DateTime?;true;metier_revue_contexte;volume_chiffre_requis_ou_donnee_publique;false;docs/rgpd/cartographie.md
Promotion;Promotion;isActive;Boolean;false;metier_revue_contexte;volume_chiffre_requis_ou_donnee_publique;false;docs/rgpd/cartographie.md
Promotion;Promotion;activeFromTime;String?;true;metier_revue_contexte;volume_chiffre_requis_ou_donnee_publique;false;docs/rgpd/cartographie.md
Promotion;Promotion;activeToTime;String?;true;metier_revue_contexte;volume_chiffre_requis_ou_donnee_publique;false;docs/rgpd/cartographie.md
Promotion;Promotion;activeDays;Int[];false;metier_revue_contexte;volume_chiffre_requis_ou_donnee_publique;false;docs/rgpd/cartographie.md
Promotion;Promotion;minOrderAmount;Decimal?;true;metier_revue_contexte;volume_chiffre_requis_ou_donnee_publique;false;docs/rgpd/cartographie.md
Promotion;Promotion;maxUses;Int?;true;metier_revue_contexte;volume_chiffre_requis_ou_donnee_publique;false;docs/rgpd/cartographie.md
Promotion;Promotion;maxUsesPerCustomer;Int?;true;metier_revue_contexte;volume_chiffre_requis_ou_donnee_publique;false;docs/rgpd/cartographie.md
Promotion;Promotion;currentUses;Int;false;metier_revue_contexte;volume_chiffre_requis_ou_donnee_publique;false;docs/rgpd/cartographie.md
Promotion;Promotion;timesUsed;Int;false;metier_revue_contexte;volume_chiffre_requis_ou_donnee_publique;false;docs/rgpd/cartographie.md
Promotion;Promotion;status;String;false;metier_revue_contexte;volume_chiffre_requis_ou_donnee_publique;true;docs/rgpd/cartographie.md
Promotion;Promotion;store;Store;false;metier_revue_contexte;relation_autorisee;false;docs/rgpd/cartographie.md
Promotion;Promotion;createdAt;DateTime;false;metier_revue_contexte;volume_chiffre_requis_ou_donnee_publique;false;docs/rgpd/cartographie.md
Promotion;Promotion;updatedAt;DateTime;false;metier_revue_contexte;volume_chiffre_requis_ou_donnee_publique;false;docs/rgpd/cartographie.md
Staff;Staff;id;String;false;identite_et_acces;volume_chiffre_requis_ou_donnee_publique;true;docs/rgpd/cartographie.md
Staff;Staff;storeId;String;false;identite_et_acces;volume_chiffre_requis_ou_donnee_publique;true;docs/rgpd/cartographie.md
Staff;Staff;name;String;false;identite_et_acces;volume_chiffre_requis_ou_donnee_publique;false;docs/rgpd/cartographie.md
Staff;Staff;email;String;false;identite_et_acces;volume_chiffre_requis_ou_donnee_publique;true;docs/rgpd/cartographie.md
Staff;Staff;phone;String?;true;identite_et_acces;volume_chiffre_requis_ou_donnee_publique;false;docs/rgpd/cartographie.md
Staff;Staff;role;StaffRole;false;identite_et_acces;volume_chiffre_requis_ou_donnee_publique;false;docs/rgpd/cartographie.md
Staff;Staff;status;String;false;identite_et_acces;volume_chiffre_requis_ou_donnee_publique;true;docs/rgpd/cartographie.md
Staff;Staff;userId;String?;true;identite_et_acces;volume_chiffre_requis_ou_donnee_publique;false;docs/rgpd/cartographie.md
Staff;Staff;permissions;Json;false;identite_et_acces;volume_chiffre_requis_ou_donnee_publique;false;docs/rgpd/cartographie.md
Staff;Staff;store;Store;false;identite_et_acces;relation_autorisee;false;docs/rgpd/cartographie.md
Staff;Staff;createdAt;DateTime;false;identite_et_acces;volume_chiffre_requis_ou_donnee_publique;false;docs/rgpd/cartographie.md
Staff;Staff;updatedAt;DateTime;false;identite_et_acces;volume_chiffre_requis_ou_donnee_publique;false;docs/rgpd/cartographie.md
CustomerCart;CustomerCart;id;String;false;profil_prestation_localisation;volume_chiffre_requis_ou_donnee_publique;true;docs/rgpd/cartographie.md
CustomerCart;CustomerCart;customerId;String;false;profil_prestation_localisation;volume_chiffre_requis_ou_donnee_publique;true;docs/rgpd/cartographie.md
CustomerCart;CustomerCart;storeId;String;false;profil_prestation_localisation;volume_chiffre_requis_ou_donnee_publique;true;docs/rgpd/cartographie.md
CustomerCart;CustomerCart;storeName;String;false;profil_prestation_localisation;volume_chiffre_requis_ou_donnee_publique;false;docs/rgpd/cartographie.md
CustomerCart;CustomerCart;storeSlug;String?;true;profil_prestation_localisation;volume_chiffre_requis_ou_donnee_publique;false;docs/rgpd/cartographie.md
CustomerCart;CustomerCart;storeLogo;String?;true;profil_prestation_localisation;volume_chiffre_requis_ou_donnee_publique;false;docs/rgpd/cartographie.md
CustomerCart;CustomerCart;lines;Json;false;profil_prestation_localisation;volume_chiffre_requis_ou_donnee_publique;false;docs/rgpd/cartographie.md
CustomerCart;CustomerCart;customer;Customer;false;profil_prestation_localisation;relation_autorisee;false;docs/rgpd/cartographie.md
CustomerCart;CustomerCart;store;Store;false;profil_prestation_localisation;relation_autorisee;false;docs/rgpd/cartographie.md
CustomerCart;CustomerCart;updatedAt;DateTime;false;profil_prestation_localisation;volume_chiffre_requis_ou_donnee_publique;false;docs/rgpd/cartographie.md
FavoriteStore;FavoriteStore;id;String;false;profil_prestation_localisation;volume_chiffre_requis_ou_donnee_publique;true;docs/rgpd/cartographie.md
FavoriteStore;FavoriteStore;customerId;String;false;profil_prestation_localisation;volume_chiffre_requis_ou_donnee_publique;true;docs/rgpd/cartographie.md
FavoriteStore;FavoriteStore;storeId;String;false;profil_prestation_localisation;volume_chiffre_requis_ou_donnee_publique;true;docs/rgpd/cartographie.md
FavoriteStore;FavoriteStore;customer;Customer;false;profil_prestation_localisation;relation_autorisee;false;docs/rgpd/cartographie.md
FavoriteStore;FavoriteStore;store;Store;false;profil_prestation_localisation;relation_autorisee;false;docs/rgpd/cartographie.md
FavoriteStore;FavoriteStore;createdAt;DateTime;false;profil_prestation_localisation;volume_chiffre_requis_ou_donnee_publique;false;docs/rgpd/cartographie.md
Customer;Customer;id;String;false;profil_prestation_localisation;volume_chiffre_requis_ou_donnee_publique;true;docs/rgpd/cartographie.md
Customer;Customer;userId;String?;true;profil_prestation_localisation;volume_chiffre_requis_ou_donnee_publique;true;docs/rgpd/cartographie.md
Customer;Customer;user;User?;true;profil_prestation_localisation;relation_autorisee;false;docs/rgpd/cartographie.md
Customer;Customer;name;String;false;profil_prestation_localisation;volume_chiffre_requis_ou_donnee_publique;false;docs/rgpd/cartographie.md
Customer;Customer;email;String;false;profil_prestation_localisation;volume_chiffre_requis_ou_donnee_publique;true;docs/rgpd/cartographie.md
Customer;Customer;phone;String?;true;profil_prestation_localisation;AES-256-GCM;false;docs/rgpd/cartographie.md
Customer;Customer;address;String?;true;profil_prestation_localisation;AES-256-GCM;false;docs/rgpd/cartographie.md
Customer;Customer;city;String?;true;profil_prestation_localisation;AES-256-GCM;false;docs/rgpd/cartographie.md
Customer;Customer;postalCode;String?;true;profil_prestation_localisation;AES-256-GCM;false;docs/rgpd/cartographie.md
Customer;Customer;latitude;Float?;true;profil_prestation_localisation;volume_chiffre_requis_ou_donnee_publique;false;docs/rgpd/cartographie.md
Customer;Customer;longitude;Float?;true;profil_prestation_localisation;volume_chiffre_requis_ou_donnee_publique;false;docs/rgpd/cartographie.md
Customer;Customer;savedAddresses;Json;false;profil_prestation_localisation;AES-256-GCM;false;docs/rgpd/cartographie.md
Customer;Customer;totalOrders;Int;false;profil_prestation_localisation;volume_chiffre_requis_ou_donnee_publique;false;docs/rgpd/cartographie.md
Customer;Customer;totalSpent;Decimal;false;profil_prestation_localisation;volume_chiffre_requis_ou_donnee_publique;false;docs/rgpd/cartographie.md
Customer;Customer;lastOrderDate;DateTime?;true;profil_prestation_localisation;volume_chiffre_requis_ou_donnee_publique;false;docs/rgpd/cartographie.md
Customer;Customer;notes;String?;true;profil_prestation_localisation;AES-256-GCM;false;docs/rgpd/cartographie.md
Customer;Customer;status;String;false;profil_prestation_localisation;volume_chiffre_requis_ou_donnee_publique;true;docs/rgpd/cartographie.md
Customer;Customer;deletedAt;DateTime?;true;profil_prestation_localisation;volume_chiffre_requis_ou_donnee_publique;true;docs/rgpd/cartographie.md
Customer;Customer;orders;Order[];false;profil_prestation_localisation;relation_autorisee;false;docs/rgpd/cartographie.md
Customer;Customer;reviews;Review[];false;profil_prestation_localisation;relation_autorisee;false;docs/rgpd/cartographie.md
Customer;Customer;driverRatings;CourierRating[];false;profil_prestation_localisation;relation_autorisee;false;docs/rgpd/cartographie.md
Customer;Customer;favorites;FavoriteStore[];false;profil_prestation_localisation;relation_autorisee;false;docs/rgpd/cartographie.md
Customer;Customer;carts;CustomerCart[];false;profil_prestation_localisation;relation_autorisee;false;docs/rgpd/cartographie.md
Customer;Customer;storeEntries;StoreCustomer[];false;profil_prestation_localisation;relation_autorisee;false;docs/rgpd/cartographie.md
Customer;Customer;createdAt;DateTime;false;profil_prestation_localisation;volume_chiffre_requis_ou_donnee_publique;true;docs/rgpd/cartographie.md
Customer;Customer;updatedAt;DateTime;false;profil_prestation_localisation;volume_chiffre_requis_ou_donnee_publique;false;docs/rgpd/cartographie.md
CourierRating;DriverRating;id;String;false;profil_prestation_localisation;volume_chiffre_requis_ou_donnee_publique;true;docs/rgpd/cartographie.md
CourierRating;DriverRating;deliveryId;String;false;profil_prestation_localisation;volume_chiffre_requis_ou_donnee_publique;true;docs/rgpd/cartographie.md
CourierRating;DriverRating;driverId;String;false;profil_prestation_localisation;volume_chiffre_requis_ou_donnee_publique;true;docs/rgpd/cartographie.md
CourierRating;DriverRating;customerId;String?;true;profil_prestation_localisation;volume_chiffre_requis_ou_donnee_publique;true;docs/rgpd/cartographie.md
CourierRating;DriverRating;note;Int;false;profil_prestation_localisation;volume_chiffre_requis_ou_donnee_publique;false;docs/rgpd/cartographie.md
CourierRating;DriverRating;commentaire;String?;true;profil_prestation_localisation;volume_chiffre_requis_ou_donnee_publique;false;docs/rgpd/cartographie.md
CourierRating;DriverRating;delivery;OrderDelivery;false;profil_prestation_localisation;relation_autorisee;false;docs/rgpd/cartographie.md
CourierRating;DriverRating;driver;Courier;false;profil_prestation_localisation;relation_autorisee;false;docs/rgpd/cartographie.md
CourierRating;DriverRating;customer;Customer?;true;profil_prestation_localisation;relation_autorisee;false;docs/rgpd/cartographie.md
CourierRating;DriverRating;createdAt;DateTime;false;profil_prestation_localisation;volume_chiffre_requis_ou_donnee_publique;false;docs/rgpd/cartographie.md
Review;Review;id;String;false;profil_prestation_localisation;volume_chiffre_requis_ou_donnee_publique;true;docs/rgpd/cartographie.md
Review;Review;storeId;String;false;profil_prestation_localisation;volume_chiffre_requis_ou_donnee_publique;true;docs/rgpd/cartographie.md
Review;Review;productId;String?;true;profil_prestation_localisation;volume_chiffre_requis_ou_donnee_publique;true;docs/rgpd/cartographie.md
Review;Review;customerId;String?;true;profil_prestation_localisation;volume_chiffre_requis_ou_donnee_publique;false;docs/rgpd/cartographie.md
Review;Review;rating;Int;false;profil_prestation_localisation;volume_chiffre_requis_ou_donnee_publique;false;docs/rgpd/cartographie.md
Review;Review;comment;String?;true;profil_prestation_localisation;volume_chiffre_requis_ou_donnee_publique;false;docs/rgpd/cartographie.md
Review;Review;helpfulCount;Int;false;profil_prestation_localisation;volume_chiffre_requis_ou_donnee_publique;false;docs/rgpd/cartographie.md
Review;Review;status;String;false;profil_prestation_localisation;volume_chiffre_requis_ou_donnee_publique;true;docs/rgpd/cartographie.md
Review;Review;editedAt;DateTime;false;profil_prestation_localisation;volume_chiffre_requis_ou_donnee_publique;false;docs/rgpd/cartographie.md
Review;Review;reports;ReviewReport[];false;profil_prestation_localisation;relation_autorisee;false;docs/rgpd/cartographie.md
Review;Review;store;Store;false;profil_prestation_localisation;relation_autorisee;false;docs/rgpd/cartographie.md
Review;Review;product;Product?;true;profil_prestation_localisation;relation_autorisee;false;docs/rgpd/cartographie.md
Review;Review;customer;Customer?;true;profil_prestation_localisation;relation_autorisee;false;docs/rgpd/cartographie.md
Review;Review;createdAt;DateTime;false;profil_prestation_localisation;volume_chiffre_requis_ou_donnee_publique;true;docs/rgpd/cartographie.md
Review;Review;updatedAt;DateTime;false;profil_prestation_localisation;volume_chiffre_requis_ou_donnee_publique;false;docs/rgpd/cartographie.md
ReviewReport;ReviewReport;id;String;false;profil_prestation_localisation;volume_chiffre_requis_ou_donnee_publique;true;docs/rgpd/cartographie.md
ReviewReport;ReviewReport;reviewId;String;false;profil_prestation_localisation;volume_chiffre_requis_ou_donnee_publique;true;docs/rgpd/cartographie.md
ReviewReport;ReviewReport;review;Review;false;profil_prestation_localisation;relation_autorisee;false;docs/rgpd/cartographie.md
ReviewReport;ReviewReport;reason;String;false;profil_prestation_localisation;volume_chiffre_requis_ou_donnee_publique;false;docs/rgpd/cartographie.md
ReviewReport;ReviewReport;reportedById;String?;true;profil_prestation_localisation;volume_chiffre_requis_ou_donnee_publique;false;docs/rgpd/cartographie.md
ReviewReport;ReviewReport;createdAt;DateTime;false;profil_prestation_localisation;volume_chiffre_requis_ou_donnee_publique;false;docs/rgpd/cartographie.md
ReviewReport;ReviewReport;decision;String?;true;profil_prestation_localisation;volume_chiffre_requis_ou_donnee_publique;true;docs/rgpd/cartographie.md
ReviewReport;ReviewReport;decisionNote;String?;true;profil_prestation_localisation;volume_chiffre_requis_ou_donnee_publique;false;docs/rgpd/cartographie.md
ReviewReport;ReviewReport;decidedById;String?;true;profil_prestation_localisation;volume_chiffre_requis_ou_donnee_publique;false;docs/rgpd/cartographie.md
ReviewReport;ReviewReport;decidedAt;DateTime?;true;profil_prestation_localisation;volume_chiffre_requis_ou_donnee_publique;false;docs/rgpd/cartographie.md
MarketingCampaign;MarketingCampaign;id;String;false;trace_copie_integration;volume_chiffre_requis_ou_donnee_publique;true;docs/rgpd/cartographie.md
MarketingCampaign;MarketingCampaign;storeId;String;false;trace_copie_integration;volume_chiffre_requis_ou_donnee_publique;true;docs/rgpd/cartographie.md
MarketingCampaign;MarketingCampaign;name;String;false;trace_copie_integration;volume_chiffre_requis_ou_donnee_publique;false;docs/rgpd/cartographie.md
MarketingCampaign;MarketingCampaign;description;String?;true;trace_copie_integration;volume_chiffre_requis_ou_donnee_publique;false;docs/rgpd/cartographie.md
MarketingCampaign;MarketingCampaign;type;CampaignType;false;trace_copie_integration;volume_chiffre_requis_ou_donnee_publique;false;docs/rgpd/cartographie.md
MarketingCampaign;MarketingCampaign;message;String;false;trace_copie_integration;volume_chiffre_requis_ou_donnee_publique;false;docs/rgpd/cartographie.md
MarketingCampaign;MarketingCampaign;targetAudience;String;false;trace_copie_integration;volume_chiffre_requis_ou_donnee_publique;false;docs/rgpd/cartographie.md
MarketingCampaign;MarketingCampaign;status;CampaignStatus;false;trace_copie_integration;volume_chiffre_requis_ou_donnee_publique;true;docs/rgpd/cartographie.md
MarketingCampaign;MarketingCampaign;scheduledAt;DateTime?;true;trace_copie_integration;volume_chiffre_requis_ou_donnee_publique;false;docs/rgpd/cartographie.md
MarketingCampaign;MarketingCampaign;startedAt;DateTime?;true;trace_copie_integration;volume_chiffre_requis_ou_donnee_publique;false;docs/rgpd/cartographie.md
MarketingCampaign;MarketingCampaign;completedAt;DateTime?;true;trace_copie_integration;volume_chiffre_requis_ou_donnee_publique;false;docs/rgpd/cartographie.md
MarketingCampaign;MarketingCampaign;sentCount;Int;false;trace_copie_integration;volume_chiffre_requis_ou_donnee_publique;false;docs/rgpd/cartographie.md
MarketingCampaign;MarketingCampaign;openCount;Int;false;trace_copie_integration;volume_chiffre_requis_ou_donnee_publique;false;docs/rgpd/cartographie.md
MarketingCampaign;MarketingCampaign;clickCount;Int;false;trace_copie_integration;volume_chiffre_requis_ou_donnee_publique;false;docs/rgpd/cartographie.md
MarketingCampaign;MarketingCampaign;conversionCount;Int;false;trace_copie_integration;volume_chiffre_requis_ou_donnee_publique;false;docs/rgpd/cartographie.md
MarketingCampaign;MarketingCampaign;store;Store;false;trace_copie_integration;relation_autorisee;false;docs/rgpd/cartographie.md
MarketingCampaign;MarketingCampaign;createdAt;DateTime;false;trace_copie_integration;volume_chiffre_requis_ou_donnee_publique;true;docs/rgpd/cartographie.md
MarketingCampaign;MarketingCampaign;updatedAt;DateTime;false;trace_copie_integration;volume_chiffre_requis_ou_donnee_publique;false;docs/rgpd/cartographie.md
TaxSetting;TaxSetting;id;String;false;metier_revue_contexte;volume_chiffre_requis_ou_donnee_publique;true;docs/rgpd/cartographie.md
TaxSetting;TaxSetting;storeId;String;false;metier_revue_contexte;volume_chiffre_requis_ou_donnee_publique;true;docs/rgpd/cartographie.md
TaxSetting;TaxSetting;name;String;false;metier_revue_contexte;volume_chiffre_requis_ou_donnee_publique;false;docs/rgpd/cartographie.md
TaxSetting;TaxSetting;rate;Decimal;false;metier_revue_contexte;volume_chiffre_requis_ou_donnee_publique;false;docs/rgpd/cartographie.md
TaxSetting;TaxSetting;included;Boolean;false;metier_revue_contexte;volume_chiffre_requis_ou_donnee_publique;false;docs/rgpd/cartographie.md
TaxSetting;TaxSetting;applicableTo;String;false;metier_revue_contexte;volume_chiffre_requis_ou_donnee_publique;false;docs/rgpd/cartographie.md
TaxSetting;TaxSetting;categoryIds;String[];false;metier_revue_contexte;volume_chiffre_requis_ou_donnee_publique;false;docs/rgpd/cartographie.md
TaxSetting;TaxSetting;productIds;String[];false;metier_revue_contexte;volume_chiffre_requis_ou_donnee_publique;false;docs/rgpd/cartographie.md
TaxSetting;TaxSetting;status;String;false;metier_revue_contexte;volume_chiffre_requis_ou_donnee_publique;true;docs/rgpd/cartographie.md
TaxSetting;TaxSetting;store;Store;false;metier_revue_contexte;relation_autorisee;false;docs/rgpd/cartographie.md
TaxSetting;TaxSetting;createdAt;DateTime;false;metier_revue_contexte;volume_chiffre_requis_ou_donnee_publique;false;docs/rgpd/cartographie.md
TaxSetting;TaxSetting;updatedAt;DateTime;false;metier_revue_contexte;volume_chiffre_requis_ou_donnee_publique;false;docs/rgpd/cartographie.md
PaymentMethod;PaymentMethod;id;String;false;metier_revue_contexte;volume_chiffre_requis_ou_donnee_publique;true;docs/rgpd/cartographie.md
PaymentMethod;PaymentMethod;storeId;String;false;metier_revue_contexte;volume_chiffre_requis_ou_donnee_publique;true;docs/rgpd/cartographie.md
PaymentMethod;PaymentMethod;userId;String?;true;metier_revue_contexte;volume_chiffre_requis_ou_donnee_publique;true;docs/rgpd/cartographie.md
PaymentMethod;PaymentMethod;type;PaymentMethodType;false;metier_revue_contexte;volume_chiffre_requis_ou_donnee_publique;false;docs/rgpd/cartographie.md
PaymentMethod;PaymentMethod;name;String;false;metier_revue_contexte;volume_chiffre_requis_ou_donnee_publique;false;docs/rgpd/cartographie.md
PaymentMethod;PaymentMethod;stripePaymentMethodId;String?;true;metier_revue_contexte;volume_chiffre_requis_ou_donnee_publique;true;docs/rgpd/cartographie.md
PaymentMethod;PaymentMethod;stripeCustomerId;String?;true;metier_revue_contexte;volume_chiffre_requis_ou_donnee_publique;false;docs/rgpd/cartographie.md
PaymentMethod;PaymentMethod;config;Json;false;metier_revue_contexte;volume_chiffre_requis_ou_donnee_publique;false;docs/rgpd/cartographie.md
PaymentMethod;PaymentMethod;isDefault;Boolean;false;metier_revue_contexte;volume_chiffre_requis_ou_donnee_publique;false;docs/rgpd/cartographie.md
PaymentMethod;PaymentMethod;isActive;Boolean;false;metier_revue_contexte;volume_chiffre_requis_ou_donnee_publique;true;docs/rgpd/cartographie.md
PaymentMethod;PaymentMethod;commissionPercent;Decimal;false;metier_revue_contexte;volume_chiffre_requis_ou_donnee_publique;false;docs/rgpd/cartographie.md
PaymentMethod;PaymentMethod;fixedFee;Decimal;false;metier_revue_contexte;volume_chiffre_requis_ou_donnee_publique;false;docs/rgpd/cartographie.md
PaymentMethod;PaymentMethod;store;Store;false;metier_revue_contexte;relation_autorisee;false;docs/rgpd/cartographie.md
PaymentMethod;PaymentMethod;createdAt;DateTime;false;metier_revue_contexte;volume_chiffre_requis_ou_donnee_publique;false;docs/rgpd/cartographie.md
PaymentMethod;PaymentMethod;updatedAt;DateTime;false;metier_revue_contexte;volume_chiffre_requis_ou_donnee_publique;false;docs/rgpd/cartographie.md
Notification;Notification;id;String;false;trace_copie_integration;volume_chiffre_requis_ou_donnee_publique;true;docs/rgpd/cartographie.md
Notification;Notification;storeId;String?;true;trace_copie_integration;volume_chiffre_requis_ou_donnee_publique;true;docs/rgpd/cartographie.md
Notification;Notification;type;NotificationType;false;trace_copie_integration;volume_chiffre_requis_ou_donnee_publique;true;docs/rgpd/cartographie.md
Notification;Notification;title;String;false;trace_copie_integration;volume_chiffre_requis_ou_donnee_publique;false;docs/rgpd/cartographie.md
Notification;Notification;message;String;false;trace_copie_integration;volume_chiffre_requis_ou_donnee_publique;false;docs/rgpd/cartographie.md
Notification;Notification;recipientEmail;String;false;trace_copie_integration;volume_chiffre_requis_ou_donnee_publique;false;docs/rgpd/cartographie.md
Notification;Notification;link;String?;true;trace_copie_integration;volume_chiffre_requis_ou_donnee_publique;false;docs/rgpd/cartographie.md
Notification;Notification;priority;String;false;trace_copie_integration;volume_chiffre_requis_ou_donnee_publique;false;docs/rgpd/cartographie.md
Notification;Notification;targetAudience;String;false;trace_copie_integration;volume_chiffre_requis_ou_donnee_publique;false;docs/rgpd/cartographie.md
Notification;Notification;isRead;Boolean;false;trace_copie_integration;volume_chiffre_requis_ou_donnee_publique;true;docs/rgpd/cartographie.md
Notification;Notification;sentAt;DateTime?;true;trace_copie_integration;volume_chiffre_requis_ou_donnee_publique;false;docs/rgpd/cartographie.md
Notification;Notification;readAt;DateTime?;true;trace_copie_integration;volume_chiffre_requis_ou_donnee_publique;false;docs/rgpd/cartographie.md
Notification;Notification;relatedOrderId;String?;true;trace_copie_integration;volume_chiffre_requis_ou_donnee_publique;false;docs/rgpd/cartographie.md
Notification;Notification;relatedProductId;String?;true;trace_copie_integration;volume_chiffre_requis_ou_donnee_publique;false;docs/rgpd/cartographie.md
Notification;Notification;store;Store?;true;trace_copie_integration;relation_autorisee;false;docs/rgpd/cartographie.md
Notification;Notification;createdAt;DateTime;false;trace_copie_integration;volume_chiffre_requis_ou_donnee_publique;true;docs/rgpd/cartographie.md
Notification;Notification;updatedAt;DateTime;false;trace_copie_integration;volume_chiffre_requis_ou_donnee_publique;false;docs/rgpd/cartographie.md
ProductMedia;ProductMedia;id;String;false;metier_revue_contexte;volume_chiffre_requis_ou_donnee_publique;true;docs/rgpd/cartographie.md
ProductMedia;ProductMedia;productId;String;false;metier_revue_contexte;volume_chiffre_requis_ou_donnee_publique;true;docs/rgpd/cartographie.md
ProductMedia;ProductMedia;url;String;false;metier_revue_contexte;volume_chiffre_requis_ou_donnee_publique;false;docs/rgpd/cartographie.md
ProductMedia;ProductMedia;alt;String?;true;metier_revue_contexte;volume_chiffre_requis_ou_donnee_publique;false;docs/rgpd/cartographie.md
ProductMedia;ProductMedia;type;String;false;metier_revue_contexte;volume_chiffre_requis_ou_donnee_publique;false;docs/rgpd/cartographie.md
ProductMedia;ProductMedia;displayOrder;Int;false;metier_revue_contexte;volume_chiffre_requis_ou_donnee_publique;true;docs/rgpd/cartographie.md
ProductMedia;ProductMedia;product;Product;false;metier_revue_contexte;relation_autorisee;false;docs/rgpd/cartographie.md
ProductMedia;ProductMedia;createdAt;DateTime;false;metier_revue_contexte;volume_chiffre_requis_ou_donnee_publique;false;docs/rgpd/cartographie.md
ProductSeo;ProductSeo;id;String;false;metier_revue_contexte;volume_chiffre_requis_ou_donnee_publique;true;docs/rgpd/cartographie.md
ProductSeo;ProductSeo;productId;String;false;metier_revue_contexte;volume_chiffre_requis_ou_donnee_publique;true;docs/rgpd/cartographie.md
ProductSeo;ProductSeo;metaTitle;String?;true;metier_revue_contexte;volume_chiffre_requis_ou_donnee_publique;false;docs/rgpd/cartographie.md
ProductSeo;ProductSeo;metaDescription;String?;true;metier_revue_contexte;volume_chiffre_requis_ou_donnee_publique;false;docs/rgpd/cartographie.md
ProductSeo;ProductSeo;metaKeywords;String?;true;metier_revue_contexte;volume_chiffre_requis_ou_donnee_publique;false;docs/rgpd/cartographie.md
ProductSeo;ProductSeo;slug;String;false;metier_revue_contexte;volume_chiffre_requis_ou_donnee_publique;true;docs/rgpd/cartographie.md
ProductSeo;ProductSeo;ogImage;String?;true;metier_revue_contexte;volume_chiffre_requis_ou_donnee_publique;false;docs/rgpd/cartographie.md
ProductSeo;ProductSeo;ogDescription;String?;true;metier_revue_contexte;volume_chiffre_requis_ou_donnee_publique;false;docs/rgpd/cartographie.md
ProductSeo;ProductSeo;product;Product;false;metier_revue_contexte;relation_autorisee;false;docs/rgpd/cartographie.md
ProductSeo;ProductSeo;createdAt;DateTime;false;metier_revue_contexte;volume_chiffre_requis_ou_donnee_publique;false;docs/rgpd/cartographie.md
ProductSeo;ProductSeo;updatedAt;DateTime;false;metier_revue_contexte;volume_chiffre_requis_ou_donnee_publique;false;docs/rgpd/cartographie.md
ProductTag;ProductTag;id;String;false;metier_revue_contexte;volume_chiffre_requis_ou_donnee_publique;true;docs/rgpd/cartographie.md
ProductTag;ProductTag;storeId;String;false;metier_revue_contexte;volume_chiffre_requis_ou_donnee_publique;true;docs/rgpd/cartographie.md
ProductTag;ProductTag;name;String;false;metier_revue_contexte;volume_chiffre_requis_ou_donnee_publique;false;docs/rgpd/cartographie.md
ProductTag;ProductTag;slug;String;false;metier_revue_contexte;volume_chiffre_requis_ou_donnee_publique;true;docs/rgpd/cartographie.md
ProductTag;ProductTag;description;String?;true;metier_revue_contexte;volume_chiffre_requis_ou_donnee_publique;false;docs/rgpd/cartographie.md
ProductTag;ProductTag;color;String?;true;metier_revue_contexte;volume_chiffre_requis_ou_donnee_publique;false;docs/rgpd/cartographie.md
ProductTag;ProductTag;productIds;String[];false;metier_revue_contexte;volume_chiffre_requis_ou_donnee_publique;false;docs/rgpd/cartographie.md
ProductTag;ProductTag;store;Store;false;metier_revue_contexte;relation_autorisee;false;docs/rgpd/cartographie.md
ProductTag;ProductTag;createdAt;DateTime;false;metier_revue_contexte;volume_chiffre_requis_ou_donnee_publique;false;docs/rgpd/cartographie.md
ProductTag;ProductTag;updatedAt;DateTime;false;metier_revue_contexte;volume_chiffre_requis_ou_donnee_publique;false;docs/rgpd/cartographie.md
ApiKey;ApiKey;id;String;false;identite_et_acces;volume_chiffre_requis_ou_donnee_publique;true;docs/rgpd/cartographie.md
ApiKey;ApiKey;name;String;false;identite_et_acces;volume_chiffre_requis_ou_donnee_publique;false;docs/rgpd/cartographie.md
ApiKey;ApiKey;prefix;String;false;identite_et_acces;volume_chiffre_requis_ou_donnee_publique;true;docs/rgpd/cartographie.md
ApiKey;ApiKey;keyHash;String;false;identite_et_acces;empreinte;true;docs/rgpd/cartographie.md
ApiKey;ApiKey;status;String;false;identite_et_acces;volume_chiffre_requis_ou_donnee_publique;true;docs/rgpd/cartographie.md
ApiKey;ApiKey;lastUsedAt;DateTime?;true;identite_et_acces;volume_chiffre_requis_ou_donnee_publique;false;docs/rgpd/cartographie.md
ApiKey;ApiKey;revokedAt;DateTime?;true;identite_et_acces;volume_chiffre_requis_ou_donnee_publique;false;docs/rgpd/cartographie.md
ApiKey;ApiKey;createdById;String?;true;identite_et_acces;volume_chiffre_requis_ou_donnee_publique;false;docs/rgpd/cartographie.md
ApiKey;ApiKey;createdAt;DateTime;false;identite_et_acces;volume_chiffre_requis_ou_donnee_publique;false;docs/rgpd/cartographie.md
Webhook;Webhook;id;String;false;trace_copie_integration;volume_chiffre_requis_ou_donnee_publique;true;docs/rgpd/cartographie.md
Webhook;Webhook;url;String;false;trace_copie_integration;volume_chiffre_requis_ou_donnee_publique;false;docs/rgpd/cartographie.md
Webhook;Webhook;events;String[];false;trace_copie_integration;volume_chiffre_requis_ou_donnee_publique;false;docs/rgpd/cartographie.md
Webhook;Webhook;secret;String;false;trace_copie_integration;volume_chiffre_requis_ou_donnee_publique;false;docs/rgpd/cartographie.md
Webhook;Webhook;status;String;false;trace_copie_integration;volume_chiffre_requis_ou_donnee_publique;true;docs/rgpd/cartographie.md
Webhook;Webhook;lastTriggered;DateTime?;true;trace_copie_integration;volume_chiffre_requis_ou_donnee_publique;false;docs/rgpd/cartographie.md
Webhook;Webhook;retryCount;Int;false;trace_copie_integration;volume_chiffre_requis_ou_donnee_publique;false;docs/rgpd/cartographie.md
Webhook;Webhook;createdById;String?;true;trace_copie_integration;volume_chiffre_requis_ou_donnee_publique;false;docs/rgpd/cartographie.md
Webhook;Webhook;deliveries;WebhookDelivery[];false;trace_copie_integration;relation_autorisee;false;docs/rgpd/cartographie.md
Webhook;Webhook;createdAt;DateTime;false;trace_copie_integration;volume_chiffre_requis_ou_donnee_publique;false;docs/rgpd/cartographie.md
Webhook;Webhook;updatedAt;DateTime;false;trace_copie_integration;volume_chiffre_requis_ou_donnee_publique;false;docs/rgpd/cartographie.md
WebhookDelivery;WebhookDelivery;id;String;false;trace_copie_integration;volume_chiffre_requis_ou_donnee_publique;true;docs/rgpd/cartographie.md
WebhookDelivery;WebhookDelivery;webhookId;String;false;trace_copie_integration;volume_chiffre_requis_ou_donnee_publique;true;docs/rgpd/cartographie.md
WebhookDelivery;WebhookDelivery;event;String;false;trace_copie_integration;volume_chiffre_requis_ou_donnee_publique;false;docs/rgpd/cartographie.md
WebhookDelivery;WebhookDelivery;payload;Json;false;trace_copie_integration;volume_chiffre_requis_ou_donnee_publique;false;docs/rgpd/cartographie.md
WebhookDelivery;WebhookDelivery;statusCode;Int?;true;trace_copie_integration;volume_chiffre_requis_ou_donnee_publique;false;docs/rgpd/cartographie.md
WebhookDelivery;WebhookDelivery;success;Boolean;false;trace_copie_integration;volume_chiffre_requis_ou_donnee_publique;false;docs/rgpd/cartographie.md
WebhookDelivery;WebhookDelivery;error;String?;true;trace_copie_integration;volume_chiffre_requis_ou_donnee_publique;false;docs/rgpd/cartographie.md
WebhookDelivery;WebhookDelivery;attempt;Int;false;trace_copie_integration;volume_chiffre_requis_ou_donnee_publique;false;docs/rgpd/cartographie.md
WebhookDelivery;WebhookDelivery;nextAttemptAt;DateTime?;true;trace_copie_integration;volume_chiffre_requis_ou_donnee_publique;true;docs/rgpd/cartographie.md
WebhookDelivery;WebhookDelivery;abandonedAt;DateTime?;true;trace_copie_integration;volume_chiffre_requis_ou_donnee_publique;false;docs/rgpd/cartographie.md
WebhookDelivery;WebhookDelivery;webhook;Webhook;false;trace_copie_integration;relation_autorisee;false;docs/rgpd/cartographie.md
WebhookDelivery;WebhookDelivery;createdAt;DateTime;false;trace_copie_integration;volume_chiffre_requis_ou_donnee_publique;true;docs/rgpd/cartographie.md
WebhookDeliveryDrive;WebhookDeliveryDrive;id;String;false;metier_revue_contexte;volume_chiffre_requis_ou_donnee_publique;true;docs/rgpd/cartographie.md
WebhookDeliveryDrive;WebhookDeliveryDrive;webhookId;String;false;metier_revue_contexte;volume_chiffre_requis_ou_donnee_publique;true;docs/rgpd/cartographie.md
WebhookDeliveryDrive;WebhookDeliveryDrive;eventId;String;false;metier_revue_contexte;volume_chiffre_requis_ou_donnee_publique;false;docs/rgpd/cartographie.md
WebhookDeliveryDrive;WebhookDeliveryDrive;status;String;false;metier_revue_contexte;volume_chiffre_requis_ou_donnee_publique;true;docs/rgpd/cartographie.md
WebhookDeliveryDrive;WebhookDeliveryDrive;statusCode;Int?;true;metier_revue_contexte;volume_chiffre_requis_ou_donnee_publique;false;docs/rgpd/cartographie.md
WebhookDeliveryDrive;WebhookDeliveryDrive;responseBody;String?;true;metier_revue_contexte;volume_chiffre_requis_ou_donnee_publique;false;docs/rgpd/cartographie.md
WebhookDeliveryDrive;WebhookDeliveryDrive;errorMessage;String?;true;metier_revue_contexte;volume_chiffre_requis_ou_donnee_publique;false;docs/rgpd/cartographie.md
WebhookDeliveryDrive;WebhookDeliveryDrive;attempt;Int;false;metier_revue_contexte;volume_chiffre_requis_ou_donnee_publique;false;docs/rgpd/cartographie.md
WebhookDeliveryDrive;WebhookDeliveryDrive;sentAt;DateTime?;true;metier_revue_contexte;volume_chiffre_requis_ou_donnee_publique;false;docs/rgpd/cartographie.md
WebhookDeliveryDrive;WebhookDeliveryDrive;failedAt;DateTime?;true;metier_revue_contexte;volume_chiffre_requis_ou_donnee_publique;false;docs/rgpd/cartographie.md
WebhookDeliveryDrive;WebhookDeliveryDrive;createdAt;DateTime;false;metier_revue_contexte;volume_chiffre_requis_ou_donnee_publique;true;docs/rgpd/cartographie.md
WebhookDeliveryDrive;WebhookDeliveryDrive;endpoint;WebhookEndpoint;false;metier_revue_contexte;relation_autorisee;false;docs/rgpd/cartographie.md
Backup;Backup;id;String;false;trace_copie_integration;volume_chiffre_requis_ou_donnee_publique;true;docs/rgpd/cartographie.md
Backup;Backup;name;String;false;trace_copie_integration;volume_chiffre_requis_ou_donnee_publique;false;docs/rgpd/cartographie.md
Backup;Backup;sizeBytes;Int;false;trace_copie_integration;volume_chiffre_requis_ou_donnee_publique;false;docs/rgpd/cartographie.md
Backup;Backup;status;String;false;trace_copie_integration;volume_chiffre_requis_ou_donnee_publique;true;docs/rgpd/cartographie.md
Backup;Backup;filePath;String?;true;trace_copie_integration;volume_chiffre_requis_ou_donnee_publique;false;docs/rgpd/cartographie.md
Backup;Backup;error;String?;true;trace_copie_integration;volume_chiffre_requis_ou_donnee_publique;false;docs/rgpd/cartographie.md
Backup;Backup;createdById;String?;true;trace_copie_integration;volume_chiffre_requis_ou_donnee_publique;false;docs/rgpd/cartographie.md
Backup;Backup;createdAt;DateTime;false;trace_copie_integration;volume_chiffre_requis_ou_donnee_publique;true;docs/rgpd/cartographie.md
Backup;Backup;completedAt;DateTime?;true;trace_copie_integration;volume_chiffre_requis_ou_donnee_publique;false;docs/rgpd/cartographie.md
InvoiceSeq;InvoiceSeq;id;String;false;metier_revue_contexte;volume_chiffre_requis_ou_donnee_publique;true;docs/rgpd/cartographie.md
InvoiceSeq;InvoiceSeq;storeId;String;false;metier_revue_contexte;volume_chiffre_requis_ou_donnee_publique;true;docs/rgpd/cartographie.md
InvoiceSeq;InvoiceSeq;year;Int;false;metier_revue_contexte;volume_chiffre_requis_ou_donnee_publique;true;docs/rgpd/cartographie.md
InvoiceSeq;InvoiceSeq;serie;String;false;metier_revue_contexte;volume_chiffre_requis_ou_donnee_publique;true;docs/rgpd/cartographie.md
InvoiceSeq;InvoiceSeq;last;Int;false;metier_revue_contexte;volume_chiffre_requis_ou_donnee_publique;false;docs/rgpd/cartographie.md
InvoiceSeq;InvoiceSeq;store;Store;false;metier_revue_contexte;relation_autorisee;false;docs/rgpd/cartographie.md
Invoice;Invoice;id;String;false;operation_et_comptabilite;volume_chiffre_requis_ou_donnee_publique;true;docs/rgpd/cartographie.md
Invoice;Invoice;number;String;false;operation_et_comptabilite;volume_chiffre_requis_ou_donnee_publique;true;docs/rgpd/cartographie.md
Invoice;Invoice;storeId;String;false;operation_et_comptabilite;volume_chiffre_requis_ou_donnee_publique;true;docs/rgpd/cartographie.md
Invoice;Invoice;orderId;String;false;operation_et_comptabilite;volume_chiffre_requis_ou_donnee_publique;true;docs/rgpd/cartographie.md
Invoice;Invoice;issuedAt;DateTime;false;operation_et_comptabilite;volume_chiffre_requis_ou_donnee_publique;true;docs/rgpd/cartographie.md
Invoice;Invoice;emetteurJson;Json;false;operation_et_comptabilite;AES-256-GCM;false;docs/rgpd/cartographie.md
Invoice;Invoice;destinataireJson;Json;false;operation_et_comptabilite;AES-256-GCM;false;docs/rgpd/cartographie.md
Invoice;Invoice;lignesJson;Json;false;operation_et_comptabilite;volume_chiffre_requis_ou_donnee_publique;false;docs/rgpd/cartographie.md
Invoice;Invoice;subtotal;Decimal;false;operation_et_comptabilite;volume_chiffre_requis_ou_donnee_publique;false;docs/rgpd/cartographie.md
Invoice;Invoice;taxJson;Json;false;operation_et_comptabilite;volume_chiffre_requis_ou_donnee_publique;false;docs/rgpd/cartographie.md
Invoice;Invoice;taxTotal;Decimal;false;operation_et_comptabilite;volume_chiffre_requis_ou_donnee_publique;false;docs/rgpd/cartographie.md
Invoice;Invoice;fees;Decimal;false;operation_et_comptabilite;volume_chiffre_requis_ou_donnee_publique;false;docs/rgpd/cartographie.md
Invoice;Invoice;discount;Decimal;false;operation_et_comptabilite;volume_chiffre_requis_ou_donnee_publique;false;docs/rgpd/cartographie.md
Invoice;Invoice;total;Decimal;false;operation_et_comptabilite;volume_chiffre_requis_ou_donnee_publique;false;docs/rgpd/cartographie.md
Invoice;Invoice;store;Store;false;operation_et_comptabilite;relation_autorisee;false;docs/rgpd/cartographie.md
Invoice;Invoice;order;Order;false;operation_et_comptabilite;relation_autorisee;false;docs/rgpd/cartographie.md
SecurityEvent;SecurityEvent;id;String;false;trace_copie_integration;volume_chiffre_requis_ou_donnee_publique;true;docs/rgpd/cartographie.md
SecurityEvent;SecurityEvent;action;String;false;trace_copie_integration;volume_chiffre_requis_ou_donnee_publique;true;docs/rgpd/cartographie.md
SecurityEvent;SecurityEvent;actor;String;false;trace_copie_integration;AES-256-GCM;false;docs/rgpd/cartographie.md
SecurityEvent;SecurityEvent;target;String;false;trace_copie_integration;AES-256-GCM;false;docs/rgpd/cartographie.md
SecurityEvent;SecurityEvent;severity;String;false;trace_copie_integration;volume_chiffre_requis_ou_donnee_publique;true;docs/rgpd/cartographie.md
SecurityEvent;SecurityEvent;status;String;false;trace_copie_integration;volume_chiffre_requis_ou_donnee_publique;false;docs/rgpd/cartographie.md
SecurityEvent;SecurityEvent;details;String;false;trace_copie_integration;AES-256-GCM;false;docs/rgpd/cartographie.md
SecurityEvent;SecurityEvent;ipAddress;String?;true;trace_copie_integration;AES-256-GCM;false;docs/rgpd/cartographie.md
SecurityEvent;SecurityEvent;userAgent;String?;true;trace_copie_integration;AES-256-GCM;false;docs/rgpd/cartographie.md
SecurityEvent;SecurityEvent;durationMs;Int?;true;trace_copie_integration;volume_chiffre_requis_ou_donnee_publique;false;docs/rgpd/cartographie.md
SecurityEvent;SecurityEvent;createdAt;DateTime;false;trace_copie_integration;volume_chiffre_requis_ou_donnee_publique;true;docs/rgpd/cartographie.md
AcceptationConditions;AcceptationConditions;id;String;false;trace_copie_integration;volume_chiffre_requis_ou_donnee_publique;true;docs/rgpd/cartographie.md
AcceptationConditions;AcceptationConditions;userId;String?;true;trace_copie_integration;volume_chiffre_requis_ou_donnee_publique;true;docs/rgpd/cartographie.md
AcceptationConditions;AcceptationConditions;orderId;String?;true;trace_copie_integration;volume_chiffre_requis_ou_donnee_publique;true;docs/rgpd/cartographie.md
AcceptationConditions;AcceptationConditions;email;String;false;trace_copie_integration;volume_chiffre_requis_ou_donnee_publique;true;docs/rgpd/cartographie.md
AcceptationConditions;AcceptationConditions;documents;String[];false;trace_copie_integration;volume_chiffre_requis_ou_donnee_publique;false;docs/rgpd/cartographie.md
AcceptationConditions;AcceptationConditions;version;String;false;trace_copie_integration;volume_chiffre_requis_ou_donnee_publique;false;docs/rgpd/cartographie.md
AcceptationConditions;AcceptationConditions;ip;String?;true;trace_copie_integration;volume_chiffre_requis_ou_donnee_publique;false;docs/rgpd/cartographie.md
AcceptationConditions;AcceptationConditions;userAgent;String?;true;trace_copie_integration;volume_chiffre_requis_ou_donnee_publique;false;docs/rgpd/cartographie.md
AcceptationConditions;AcceptationConditions;acceptedAt;DateTime;false;trace_copie_integration;volume_chiffre_requis_ou_donnee_publique;false;docs/rgpd/cartographie.md
PageLegaleVersion;PageLegaleVersion;id;String;false;metier_revue_contexte;volume_chiffre_requis_ou_donnee_publique;true;docs/rgpd/cartographie.md
PageLegaleVersion;PageLegaleVersion;slug;String;false;metier_revue_contexte;volume_chiffre_requis_ou_donnee_publique;true;docs/rgpd/cartographie.md
PageLegaleVersion;PageLegaleVersion;version;String;false;metier_revue_contexte;volume_chiffre_requis_ou_donnee_publique;true;docs/rgpd/cartographie.md
PageLegaleVersion;PageLegaleVersion;titre;String;false;metier_revue_contexte;volume_chiffre_requis_ou_donnee_publique;false;docs/rgpd/cartographie.md
PageLegaleVersion;PageLegaleVersion;contenu;String;false;metier_revue_contexte;volume_chiffre_requis_ou_donnee_publique;false;docs/rgpd/cartographie.md
PageLegaleVersion;PageLegaleVersion;publieLe;DateTime;false;metier_revue_contexte;volume_chiffre_requis_ou_donnee_publique;true;docs/rgpd/cartographie.md
PageLegaleVersion;PageLegaleVersion;publiePar;String?;true;metier_revue_contexte;volume_chiffre_requis_ou_donnee_publique;false;docs/rgpd/cartographie.md
UptimeCheck;UptimeCheck;id;String;false;metier_revue_contexte;volume_chiffre_requis_ou_donnee_publique;true;docs/rgpd/cartographie.md
UptimeCheck;UptimeCheck;target;String;false;metier_revue_contexte;volume_chiffre_requis_ou_donnee_publique;true;docs/rgpd/cartographie.md
UptimeCheck;UptimeCheck;ok;Boolean;false;metier_revue_contexte;volume_chiffre_requis_ou_donnee_publique;false;docs/rgpd/cartographie.md
UptimeCheck;UptimeCheck;statusCode;Int?;true;metier_revue_contexte;volume_chiffre_requis_ou_donnee_publique;false;docs/rgpd/cartographie.md
UptimeCheck;UptimeCheck;durationMs;Int?;true;metier_revue_contexte;volume_chiffre_requis_ou_donnee_publique;false;docs/rgpd/cartographie.md
UptimeCheck;UptimeCheck;error;String?;true;metier_revue_contexte;volume_chiffre_requis_ou_donnee_publique;false;docs/rgpd/cartographie.md
UptimeCheck;UptimeCheck;createdAt;DateTime;false;metier_revue_contexte;volume_chiffre_requis_ou_donnee_publique;true;docs/rgpd/cartographie.md
SessionConnexion;SessionConnexion;id;String;false;identite_et_acces;volume_chiffre_requis_ou_donnee_publique;true;docs/rgpd/cartographie.md
SessionConnexion;SessionConnexion;userId;String;false;identite_et_acces;volume_chiffre_requis_ou_donnee_publique;true;docs/rgpd/cartographie.md
SessionConnexion;SessionConnexion;user;User;false;identite_et_acces;relation_autorisee;false;docs/rgpd/cartographie.md
SessionConnexion;SessionConnexion;jetonCentralHash;String?;true;identite_et_acces;empreinte;true;docs/rgpd/cartographie.md
SessionConnexion;SessionConnexion;createdAt;DateTime;false;identite_et_acces;volume_chiffre_requis_ou_donnee_publique;false;docs/rgpd/cartographie.md
SessionConnexion;SessionConnexion;expiresAt;DateTime;false;identite_et_acces;volume_chiffre_requis_ou_donnee_publique;false;docs/rgpd/cartographie.md
SessionConnexion;SessionConnexion;revokedAt;DateTime?;true;identite_et_acces;volume_chiffre_requis_ou_donnee_publique;false;docs/rgpd/cartographie.md
SessionConnexion;SessionConnexion;mfaVerifiedAt;DateTime?;true;identite_et_acces;volume_chiffre_requis_ou_donnee_publique;false;docs/rgpd/cartographie.md
SessionConnexion;SessionConnexion;mfaVersion;Int?;true;identite_et_acces;volume_chiffre_requis_ou_donnee_publique;false;docs/rgpd/cartographie.md
SessionConnexion;SessionConnexion;mfaRecovery;Boolean;false;identite_et_acces;volume_chiffre_requis_ou_donnee_publique;false;docs/rgpd/cartographie.md
SessionConnexion;SessionConnexion;codes;CodeConnexion[];false;identite_et_acces;relation_autorisee;false;docs/rgpd/cartographie.md
SessionConnexion;SessionConnexion;refreshs;JetonRafraichissement[];false;identite_et_acces;relation_autorisee;false;docs/rgpd/cartographie.md
MfaFactor;MfaFactor;userId;String;false;identite_et_acces;volume_chiffre_requis_ou_donnee_publique;true;docs/rgpd/cartographie.md
MfaFactor;MfaFactor;user;User;false;identite_et_acces;relation_autorisee;false;docs/rgpd/cartographie.md
MfaFactor;MfaFactor;secretCipher;String?;true;identite_et_acces;AES-256-GCM;false;docs/rgpd/cartographie.md
MfaFactor;MfaFactor;enabled;Boolean;false;identite_et_acces;volume_chiffre_requis_ou_donnee_publique;false;docs/rgpd/cartographie.md
MfaFactor;MfaFactor;version;Int;false;identite_et_acces;volume_chiffre_requis_ou_donnee_publique;false;docs/rgpd/cartographie.md
MfaFactor;MfaFactor;lastStep;Int;false;identite_et_acces;volume_chiffre_requis_ou_donnee_publique;false;docs/rgpd/cartographie.md
MfaFactor;MfaFactor;recoveryHashes;String[];false;identite_et_acces;empreinte;false;docs/rgpd/cartographie.md
MfaFactor;MfaFactor;pendingCipher;String?;true;identite_et_acces;AES-256-GCM;false;docs/rgpd/cartographie.md
MfaFactor;MfaFactor;pendingSession;String?;true;identite_et_acces;volume_chiffre_requis_ou_donnee_publique;false;docs/rgpd/cartographie.md
MfaFactor;MfaFactor;pendingExpiresAt;DateTime?;true;identite_et_acces;volume_chiffre_requis_ou_donnee_publique;false;docs/rgpd/cartographie.md
MfaFactor;MfaFactor;failures;Int;false;identite_et_acces;volume_chiffre_requis_ou_donnee_publique;false;docs/rgpd/cartographie.md
MfaFactor;MfaFactor;lockedUntil;DateTime?;true;identite_et_acces;volume_chiffre_requis_ou_donnee_publique;false;docs/rgpd/cartographie.md
JetonRafraichissement;JetonRafraichissement;id;String;false;identite_et_acces;volume_chiffre_requis_ou_donnee_publique;true;docs/rgpd/cartographie.md
JetonRafraichissement;JetonRafraichissement;jtiHash;String;false;identite_et_acces;empreinte;true;docs/rgpd/cartographie.md
JetonRafraichissement;JetonRafraichissement;sessionId;String;false;identite_et_acces;volume_chiffre_requis_ou_donnee_publique;true;docs/rgpd/cartographie.md
JetonRafraichissement;JetonRafraichissement;session;SessionConnexion;false;identite_et_acces;relation_autorisee;false;docs/rgpd/cartographie.md
JetonRafraichissement;JetonRafraichissement;expiresAt;DateTime;false;identite_et_acces;volume_chiffre_requis_ou_donnee_publique;true;docs/rgpd/cartographie.md
JetonRafraichissement;JetonRafraichissement;usedAt;DateTime?;true;identite_et_acces;volume_chiffre_requis_ou_donnee_publique;false;docs/rgpd/cartographie.md
JetonRafraichissement;JetonRafraichissement;createdAt;DateTime;false;identite_et_acces;volume_chiffre_requis_ou_donnee_publique;false;docs/rgpd/cartographie.md
CodeConnexion;CodeConnexion;id;String;false;identite_et_acces;volume_chiffre_requis_ou_donnee_publique;true;docs/rgpd/cartographie.md
CodeConnexion;CodeConnexion;codeHash;String;false;identite_et_acces;empreinte;true;docs/rgpd/cartographie.md
CodeConnexion;CodeConnexion;sessionId;String;false;identite_et_acces;volume_chiffre_requis_ou_donnee_publique;false;docs/rgpd/cartographie.md
CodeConnexion;CodeConnexion;session;SessionConnexion;false;identite_et_acces;relation_autorisee;false;docs/rgpd/cartographie.md
CodeConnexion;CodeConnexion;audience;String;false;identite_et_acces;volume_chiffre_requis_ou_donnee_publique;false;docs/rgpd/cartographie.md
CodeConnexion;CodeConnexion;expiresAt;DateTime;false;identite_et_acces;volume_chiffre_requis_ou_donnee_publique;true;docs/rgpd/cartographie.md
CodeConnexion;CodeConnexion;usedAt;DateTime?;true;identite_et_acces;volume_chiffre_requis_ou_donnee_publique;false;docs/rgpd/cartographie.md
CodeConnexion;CodeConnexion;createdAt;DateTime;false;identite_et_acces;volume_chiffre_requis_ou_donnee_publique;false;docs/rgpd/cartographie.md
CourierTip;DriverTip;id;String;false;operation_et_comptabilite;volume_chiffre_requis_ou_donnee_publique;true;docs/rgpd/cartographie.md
CourierTip;DriverTip;orderId;String;false;operation_et_comptabilite;volume_chiffre_requis_ou_donnee_publique;true;docs/rgpd/cartographie.md
CourierTip;DriverTip;driverId;String;false;operation_et_comptabilite;volume_chiffre_requis_ou_donnee_publique;true;docs/rgpd/cartographie.md
CourierTip;DriverTip;amount;Decimal;false;operation_et_comptabilite;volume_chiffre_requis_ou_donnee_publique;false;docs/rgpd/cartographie.md
CourierTip;DriverTip;status;String;false;operation_et_comptabilite;volume_chiffre_requis_ou_donnee_publique;true;docs/rgpd/cartographie.md
CourierTip;DriverTip;stripePaymentIntentId;String?;true;operation_et_comptabilite;volume_chiffre_requis_ou_donnee_publique;true;docs/rgpd/cartographie.md
CourierTip;DriverTip;paidAt;DateTime?;true;operation_et_comptabilite;volume_chiffre_requis_ou_donnee_publique;false;docs/rgpd/cartographie.md
CourierTip;DriverTip;payoutId;String?;true;operation_et_comptabilite;volume_chiffre_requis_ou_donnee_publique;true;docs/rgpd/cartographie.md
CourierTip;DriverTip;order;Order;false;operation_et_comptabilite;relation_autorisee;false;docs/rgpd/cartographie.md
CourierTip;DriverTip;driver;Courier;false;operation_et_comptabilite;relation_autorisee;false;docs/rgpd/cartographie.md
CourierTip;DriverTip;payout;CourierPayout?;true;operation_et_comptabilite;relation_autorisee;false;docs/rgpd/cartographie.md
CourierTip;DriverTip;createdAt;DateTime;false;operation_et_comptabilite;volume_chiffre_requis_ou_donnee_publique;false;docs/rgpd/cartographie.md
CourierTip;DriverTip;updatedAt;DateTime;false;operation_et_comptabilite;volume_chiffre_requis_ou_donnee_publique;false;docs/rgpd/cartographie.md
ChauffeurDrive;ChauffeurDrive;id;String;false;profil_prestation_localisation;volume_chiffre_requis_ou_donnee_publique;true;docs/rgpd/cartographie.md
ChauffeurDrive;ChauffeurDrive;userId;String;false;profil_prestation_localisation;volume_chiffre_requis_ou_donnee_publique;true;docs/rgpd/cartographie.md
ChauffeurDrive;ChauffeurDrive;nomComplet;String;false;profil_prestation_localisation;volume_chiffre_requis_ou_donnee_publique;false;docs/rgpd/cartographie.md
ChauffeurDrive;ChauffeurDrive;telephone;String?;true;profil_prestation_localisation;AES-256-GCM;false;docs/rgpd/cartographie.md
ChauffeurDrive;ChauffeurDrive;region;String?;true;profil_prestation_localisation;volume_chiffre_requis_ou_donnee_publique;false;docs/rgpd/cartographie.md
ChauffeurDrive;ChauffeurDrive;numeroEntreprise;String?;true;profil_prestation_localisation;volume_chiffre_requis_ou_donnee_publique;false;docs/rgpd/cartographie.md
ChauffeurDrive;ChauffeurDrive;raisonSociale;String?;true;profil_prestation_localisation;volume_chiffre_requis_ou_donnee_publique;false;docs/rgpd/cartographie.md
ChauffeurDrive;ChauffeurDrive;numeroLicence;String?;true;profil_prestation_localisation;AES-256-GCM;false;docs/rgpd/cartographie.md
ChauffeurDrive;ChauffeurDrive;vehiculeMarque;String?;true;profil_prestation_localisation;volume_chiffre_requis_ou_donnee_publique;false;docs/rgpd/cartographie.md
ChauffeurDrive;ChauffeurDrive;vehiculeModele;String?;true;profil_prestation_localisation;volume_chiffre_requis_ou_donnee_publique;false;docs/rgpd/cartographie.md
ChauffeurDrive;ChauffeurDrive;vehiculePlaque;String?;true;profil_prestation_localisation;AES-256-GCM;false;docs/rgpd/cartographie.md
ChauffeurDrive;ChauffeurDrive;statut;String;false;profil_prestation_localisation;volume_chiffre_requis_ou_donnee_publique;true;docs/rgpd/cartographie.md
ChauffeurDrive;ChauffeurDrive;motifStatut;String?;true;profil_prestation_localisation;volume_chiffre_requis_ou_donnee_publique;false;docs/rgpd/cartographie.md
ChauffeurDrive;ChauffeurDrive;soumisLe;DateTime?;true;profil_prestation_localisation;volume_chiffre_requis_ou_donnee_publique;false;docs/rgpd/cartographie.md
ChauffeurDrive;ChauffeurDrive;valideLe;DateTime?;true;profil_prestation_localisation;volume_chiffre_requis_ou_donnee_publique;false;docs/rgpd/cartographie.md
ChauffeurDrive;ChauffeurDrive;validePar;String?;true;profil_prestation_localisation;volume_chiffre_requis_ou_donnee_publique;false;docs/rgpd/cartographie.md
ChauffeurDrive;ChauffeurDrive;suspenduPourExpirationLe;DateTime?;true;profil_prestation_localisation;volume_chiffre_requis_ou_donnee_publique;false;docs/rgpd/cartographie.md
ChauffeurDrive;ChauffeurDrive;suspendedAt;DateTime?;true;profil_prestation_localisation;volume_chiffre_requis_ou_donnee_publique;false;docs/rgpd/cartographie.md
ChauffeurDrive;ChauffeurDrive;suspensionReason;String?;true;profil_prestation_localisation;volume_chiffre_requis_ou_donnee_publique;false;docs/rgpd/cartographie.md
ChauffeurDrive;ChauffeurDrive;enLigne;Boolean;false;profil_prestation_localisation;volume_chiffre_requis_ou_donnee_publique;false;docs/rgpd/cartographie.md
ChauffeurDrive;ChauffeurDrive;latitude;Float?;true;profil_prestation_localisation;volume_chiffre_requis_ou_donnee_publique;false;docs/rgpd/cartographie.md
ChauffeurDrive;ChauffeurDrive;longitude;Float?;true;profil_prestation_localisation;volume_chiffre_requis_ou_donnee_publique;false;docs/rgpd/cartographie.md
ChauffeurDrive;ChauffeurDrive;positionLe;DateTime?;true;profil_prestation_localisation;volume_chiffre_requis_ou_donnee_publique;false;docs/rgpd/cartographie.md
ChauffeurDrive;ChauffeurDrive;societeId;String?;true;profil_prestation_localisation;volume_chiffre_requis_ou_donnee_publique;true;docs/rgpd/cartographie.md
ChauffeurDrive;ChauffeurDrive;vehiculeId;String?;true;profil_prestation_localisation;volume_chiffre_requis_ou_donnee_publique;true;docs/rgpd/cartographie.md
ChauffeurDrive;ChauffeurDrive;rattacheLe;DateTime?;true;profil_prestation_localisation;volume_chiffre_requis_ou_donnee_publique;false;docs/rgpd/cartographie.md
ChauffeurDrive;ChauffeurDrive;user;User;false;profil_prestation_localisation;relation_autorisee;false;docs/rgpd/cartographie.md
ChauffeurDrive;ChauffeurDrive;societe;SocieteDrive?;true;profil_prestation_localisation;relation_autorisee;false;docs/rgpd/cartographie.md
ChauffeurDrive;ChauffeurDrive;vehicule;VehiculeDrive?;true;profil_prestation_localisation;relation_autorisee;false;docs/rgpd/cartographie.md
ChauffeurDrive;ChauffeurDrive;documents;DocumentChauffeurDrive[];false;profil_prestation_localisation;relation_autorisee;false;docs/rgpd/cartographie.md
ChauffeurDrive;ChauffeurDrive;courses;CourseDrive[];false;profil_prestation_localisation;relation_autorisee;false;docs/rgpd/cartographie.md
ChauffeurDrive;ChauffeurDrive;propositions;PropositionCourseDrive[];false;profil_prestation_localisation;relation_autorisee;false;docs/rgpd/cartographie.md
ChauffeurDrive;ChauffeurDrive;notes;NoteCourseDrive[];false;profil_prestation_localisation;relation_autorisee;false;docs/rgpd/cartographie.md
ChauffeurDrive;ChauffeurDrive;payouts;DriverPayoutDrive[];false;profil_prestation_localisation;relation_autorisee;false;docs/rgpd/cartographie.md
ChauffeurDrive;ChauffeurDrive;complianceReports;ComplianceReportDrive[];false;profil_prestation_localisation;relation_autorisee;false;docs/rgpd/cartographie.md
ChauffeurDrive;ChauffeurDrive;ratings;RatingCourseDrive[];false;profil_prestation_localisation;relation_autorisee;false;docs/rgpd/cartographie.md
ChauffeurDrive;ChauffeurDrive;complianceChecks;ComplianceCheck[];false;profil_prestation_localisation;relation_autorisee;false;docs/rgpd/cartographie.md
ChauffeurDrive;ChauffeurDrive;documentWorkflows;DocumentVerificationWorkflow[];false;profil_prestation_localisation;relation_autorisee;false;docs/rgpd/cartographie.md
ChauffeurDrive;ChauffeurDrive;chauffeurDocuments;ChauffeurDocument[];false;profil_prestation_localisation;relation_autorisee;false;docs/rgpd/cartographie.md
ChauffeurDrive;ChauffeurDrive;infractions;ChauffeurInfraction[];false;profil_prestation_localisation;relation_autorisee;false;docs/rgpd/cartographie.md
ChauffeurDrive;ChauffeurDrive;compteBancaire;CompteBancaireChauffeurDrive?;true;profil_prestation_localisation;relation_autorisee;false;docs/rgpd/cartographie.md
ChauffeurDrive;ChauffeurDrive;createdAt;DateTime;false;profil_prestation_localisation;volume_chiffre_requis_ou_donnee_publique;false;docs/rgpd/cartographie.md
ChauffeurDrive;ChauffeurDrive;updatedAt;DateTime;false;profil_prestation_localisation;volume_chiffre_requis_ou_donnee_publique;false;docs/rgpd/cartographie.md
ChauffeurDrive;ChauffeurDrive;alertesNotification;NotificationAlert[];false;profil_prestation_localisation;relation_autorisee;false;docs/rgpd/cartographie.md
CompteBancaireChauffeurDrive;CompteBancaireChauffeurDrive;id;String;false;metier_revue_contexte;volume_chiffre_requis_ou_donnee_publique;true;docs/rgpd/cartographie.md
CompteBancaireChauffeurDrive;CompteBancaireChauffeurDrive;chauffeurId;String;false;metier_revue_contexte;volume_chiffre_requis_ou_donnee_publique;true;docs/rgpd/cartographie.md
CompteBancaireChauffeurDrive;CompteBancaireChauffeurDrive;iban;String;false;metier_revue_contexte;AES-256-GCM;false;docs/rgpd/cartographie.md
CompteBancaireChauffeurDrive;CompteBancaireChauffeurDrive;bic;String?;true;metier_revue_contexte;AES-256-GCM;false;docs/rgpd/cartographie.md
CompteBancaireChauffeurDrive;CompteBancaireChauffeurDrive;accountHolder;String;false;metier_revue_contexte;AES-256-GCM;false;docs/rgpd/cartographie.md
CompteBancaireChauffeurDrive;CompteBancaireChauffeurDrive;chauffeur;ChauffeurDrive;false;metier_revue_contexte;relation_autorisee;false;docs/rgpd/cartographie.md
CompteBancaireChauffeurDrive;CompteBancaireChauffeurDrive;createdAt;DateTime;false;metier_revue_contexte;volume_chiffre_requis_ou_donnee_publique;false;docs/rgpd/cartographie.md
CompteBancaireChauffeurDrive;CompteBancaireChauffeurDrive;updatedAt;DateTime;false;metier_revue_contexte;volume_chiffre_requis_ou_donnee_publique;false;docs/rgpd/cartographie.md
SocieteDrive;SocieteDrive;id;String;false;societe_et_representant;volume_chiffre_requis_ou_donnee_publique;true;docs/rgpd/cartographie.md
SocieteDrive;SocieteDrive;gerantId;String;false;societe_et_representant;volume_chiffre_requis_ou_donnee_publique;true;docs/rgpd/cartographie.md
SocieteDrive;SocieteDrive;raisonSociale;String;false;societe_et_representant;volume_chiffre_requis_ou_donnee_publique;false;docs/rgpd/cartographie.md
SocieteDrive;SocieteDrive;numeroEntreprise;String?;true;societe_et_representant;volume_chiffre_requis_ou_donnee_publique;true;docs/rgpd/cartographie.md
SocieteDrive;SocieteDrive;region;String?;true;societe_et_representant;volume_chiffre_requis_ou_donnee_publique;false;docs/rgpd/cartographie.md
SocieteDrive;SocieteDrive;telephone;String?;true;societe_et_representant;AES-256-GCM;false;docs/rgpd/cartographie.md
SocieteDrive;SocieteDrive;statut;String;false;societe_et_representant;volume_chiffre_requis_ou_donnee_publique;true;docs/rgpd/cartographie.md
SocieteDrive;SocieteDrive;motifStatut;String?;true;societe_et_representant;volume_chiffre_requis_ou_donnee_publique;false;docs/rgpd/cartographie.md
SocieteDrive;SocieteDrive;soumisLe;DateTime?;true;societe_et_representant;volume_chiffre_requis_ou_donnee_publique;false;docs/rgpd/cartographie.md
SocieteDrive;SocieteDrive;valideLe;DateTime?;true;societe_et_representant;volume_chiffre_requis_ou_donnee_publique;false;docs/rgpd/cartographie.md
SocieteDrive;SocieteDrive;validePar;String?;true;societe_et_representant;volume_chiffre_requis_ou_donnee_publique;false;docs/rgpd/cartographie.md
SocieteDrive;SocieteDrive;gerant;User;false;societe_et_representant;relation_autorisee;false;docs/rgpd/cartographie.md
SocieteDrive;SocieteDrive;documents;DocumentChauffeurDrive[];false;societe_et_representant;relation_autorisee;false;docs/rgpd/cartographie.md
SocieteDrive;SocieteDrive;vehicules;VehiculeDrive[];false;societe_et_representant;relation_autorisee;false;docs/rgpd/cartographie.md
SocieteDrive;SocieteDrive;chauffeurs;ChauffeurDrive[];false;societe_et_representant;relation_autorisee;false;docs/rgpd/cartographie.md
SocieteDrive;SocieteDrive;invitations;InvitationSocieteDrive[];false;societe_et_representant;relation_autorisee;false;docs/rgpd/cartographie.md
SocieteDrive;SocieteDrive;courses;CourseDrive[];false;societe_et_representant;relation_autorisee;false;docs/rgpd/cartographie.md
SocieteDrive;SocieteDrive;createdAt;DateTime;false;societe_et_representant;volume_chiffre_requis_ou_donnee_publique;false;docs/rgpd/cartographie.md
SocieteDrive;SocieteDrive;updatedAt;DateTime;false;societe_et_representant;volume_chiffre_requis_ou_donnee_publique;false;docs/rgpd/cartographie.md
VehiculeDrive;VehiculeDrive;id;String;false;societe_et_representant;volume_chiffre_requis_ou_donnee_publique;true;docs/rgpd/cartographie.md
VehiculeDrive;VehiculeDrive;societeId;String;false;societe_et_representant;volume_chiffre_requis_ou_donnee_publique;true;docs/rgpd/cartographie.md
VehiculeDrive;VehiculeDrive;marque;String;false;societe_et_representant;volume_chiffre_requis_ou_donnee_publique;false;docs/rgpd/cartographie.md
VehiculeDrive;VehiculeDrive;modele;String;false;societe_et_representant;volume_chiffre_requis_ou_donnee_publique;false;docs/rgpd/cartographie.md
VehiculeDrive;VehiculeDrive;plaque;String;false;societe_et_representant;volume_chiffre_requis_ou_donnee_publique;false;docs/rgpd/cartographie.md
VehiculeDrive;VehiculeDrive;numeroLicence;String?;true;societe_et_representant;AES-256-GCM;false;docs/rgpd/cartographie.md
VehiculeDrive;VehiculeDrive;conforme;Boolean;false;societe_et_representant;volume_chiffre_requis_ou_donnee_publique;false;docs/rgpd/cartographie.md
VehiculeDrive;VehiculeDrive;retireLe;DateTime?;true;societe_et_representant;volume_chiffre_requis_ou_donnee_publique;false;docs/rgpd/cartographie.md
VehiculeDrive;VehiculeDrive;societe;SocieteDrive;false;societe_et_representant;relation_autorisee;false;docs/rgpd/cartographie.md
VehiculeDrive;VehiculeDrive;documents;DocumentChauffeurDrive[];false;societe_et_representant;relation_autorisee;false;docs/rgpd/cartographie.md
VehiculeDrive;VehiculeDrive;chauffeur;ChauffeurDrive?;true;societe_et_representant;relation_autorisee;false;docs/rgpd/cartographie.md
VehiculeDrive;VehiculeDrive;courses;CourseDrive[];false;societe_et_representant;relation_autorisee;false;docs/rgpd/cartographie.md
VehiculeDrive;VehiculeDrive;createdAt;DateTime;false;societe_et_representant;volume_chiffre_requis_ou_donnee_publique;false;docs/rgpd/cartographie.md
VehiculeDrive;VehiculeDrive;updatedAt;DateTime;false;societe_et_representant;volume_chiffre_requis_ou_donnee_publique;false;docs/rgpd/cartographie.md
InvitationSocieteDrive;InvitationSocieteDrive;id;String;false;identite_et_acces;volume_chiffre_requis_ou_donnee_publique;true;docs/rgpd/cartographie.md
InvitationSocieteDrive;InvitationSocieteDrive;societeId;String;false;identite_et_acces;volume_chiffre_requis_ou_donnee_publique;true;docs/rgpd/cartographie.md
InvitationSocieteDrive;InvitationSocieteDrive;email;String;false;identite_et_acces;volume_chiffre_requis_ou_donnee_publique;true;docs/rgpd/cartographie.md
InvitationSocieteDrive;InvitationSocieteDrive;statut;String;false;identite_et_acces;volume_chiffre_requis_ou_donnee_publique;true;docs/rgpd/cartographie.md
InvitationSocieteDrive;InvitationSocieteDrive;reponduLe;DateTime?;true;identite_et_acces;volume_chiffre_requis_ou_donnee_publique;false;docs/rgpd/cartographie.md
InvitationSocieteDrive;InvitationSocieteDrive;societe;SocieteDrive;false;identite_et_acces;relation_autorisee;false;docs/rgpd/cartographie.md
InvitationSocieteDrive;InvitationSocieteDrive;createdAt;DateTime;false;identite_et_acces;volume_chiffre_requis_ou_donnee_publique;false;docs/rgpd/cartographie.md
InvitationSocieteDrive;InvitationSocieteDrive;updatedAt;DateTime;false;identite_et_acces;volume_chiffre_requis_ou_donnee_publique;false;docs/rgpd/cartographie.md
DocumentChauffeurDrive;DocumentChauffeurDrive;id;String;false;document_sensible;volume_chiffre_requis_ou_donnee_publique;true;docs/rgpd/cartographie.md
DocumentChauffeurDrive;DocumentChauffeurDrive;chauffeurId;String?;true;document_sensible;volume_chiffre_requis_ou_donnee_publique;true;docs/rgpd/cartographie.md
DocumentChauffeurDrive;DocumentChauffeurDrive;societeId;String?;true;document_sensible;volume_chiffre_requis_ou_donnee_publique;true;docs/rgpd/cartographie.md
DocumentChauffeurDrive;DocumentChauffeurDrive;vehiculeId;String?;true;document_sensible;volume_chiffre_requis_ou_donnee_publique;true;docs/rgpd/cartographie.md
DocumentChauffeurDrive;DocumentChauffeurDrive;type;String;false;document_sensible;volume_chiffre_requis_ou_donnee_publique;true;docs/rgpd/cartographie.md
DocumentChauffeurDrive;DocumentChauffeurDrive;url;String;false;document_sensible;reference_fichier_AES-GCM;false;docs/rgpd/cartographie.md
DocumentChauffeurDrive;DocumentChauffeurDrive;dateExpiration;DateTime?;true;document_sensible;volume_chiffre_requis_ou_donnee_publique;true;docs/rgpd/cartographie.md
DocumentChauffeurDrive;DocumentChauffeurDrive;statut;String;false;document_sensible;volume_chiffre_requis_ou_donnee_publique;true;docs/rgpd/cartographie.md
DocumentChauffeurDrive;DocumentChauffeurDrive;noteExamen;String?;true;document_sensible;AES-256-GCM;false;docs/rgpd/cartographie.md
DocumentChauffeurDrive;DocumentChauffeurDrive;examineLe;DateTime?;true;document_sensible;volume_chiffre_requis_ou_donnee_publique;false;docs/rgpd/cartographie.md
DocumentChauffeurDrive;DocumentChauffeurDrive;rappel30JoursLe;DateTime?;true;document_sensible;volume_chiffre_requis_ou_donnee_publique;false;docs/rgpd/cartographie.md
DocumentChauffeurDrive;DocumentChauffeurDrive;rappel10JoursLe;DateTime?;true;document_sensible;volume_chiffre_requis_ou_donnee_publique;false;docs/rgpd/cartographie.md
DocumentChauffeurDrive;DocumentChauffeurDrive;archiveeLe;DateTime?;true;document_sensible;volume_chiffre_requis_ou_donnee_publique;false;docs/rgpd/cartographie.md
DocumentChauffeurDrive;DocumentChauffeurDrive;chauffeur;ChauffeurDrive?;true;document_sensible;relation_autorisee;false;docs/rgpd/cartographie.md
DocumentChauffeurDrive;DocumentChauffeurDrive;societe;SocieteDrive?;true;document_sensible;relation_autorisee;false;docs/rgpd/cartographie.md
DocumentChauffeurDrive;DocumentChauffeurDrive;vehicule;VehiculeDrive?;true;document_sensible;relation_autorisee;false;docs/rgpd/cartographie.md
DocumentChauffeurDrive;DocumentChauffeurDrive;createdAt;DateTime;false;document_sensible;volume_chiffre_requis_ou_donnee_publique;false;docs/rgpd/cartographie.md
DocumentChauffeurDrive;DocumentChauffeurDrive;updatedAt;DateTime;false;document_sensible;volume_chiffre_requis_ou_donnee_publique;false;docs/rgpd/cartographie.md
TarifDrive;TarifDrive;region;String;false;metier_revue_contexte;volume_chiffre_requis_ou_donnee_publique;true;docs/rgpd/cartographie.md
TarifDrive;TarifDrive;priseEnChargeCentimes;Int;false;metier_revue_contexte;volume_chiffre_requis_ou_donnee_publique;false;docs/rgpd/cartographie.md
TarifDrive;TarifDrive;parKmCentimes;Int;false;metier_revue_contexte;volume_chiffre_requis_ou_donnee_publique;false;docs/rgpd/cartographie.md
TarifDrive;TarifDrive;parMinuteCentimes;Int;false;metier_revue_contexte;volume_chiffre_requis_ou_donnee_publique;false;docs/rgpd/cartographie.md
TarifDrive;TarifDrive;minimumCentimes;Int;false;metier_revue_contexte;volume_chiffre_requis_ou_donnee_publique;false;docs/rgpd/cartographie.md
TarifDrive;TarifDrive;actif;Boolean;false;metier_revue_contexte;volume_chiffre_requis_ou_donnee_publique;false;docs/rgpd/cartographie.md
TarifDrive;TarifDrive;updatedAt;DateTime;false;metier_revue_contexte;volume_chiffre_requis_ou_donnee_publique;false;docs/rgpd/cartographie.md
TarifDrive;TarifDrive;createdAt;DateTime;false;metier_revue_contexte;volume_chiffre_requis_ou_donnee_publique;false;docs/rgpd/cartographie.md
CourseDrive;CourseDrive;id;String;false;profil_prestation_localisation;volume_chiffre_requis_ou_donnee_publique;true;docs/rgpd/cartographie.md
CourseDrive;CourseDrive;passagerId;String?;true;profil_prestation_localisation;volume_chiffre_requis_ou_donnee_publique;true;docs/rgpd/cartographie.md
CourseDrive;CourseDrive;cleIdempotence;String;false;profil_prestation_localisation;volume_chiffre_requis_ou_donnee_publique;true;docs/rgpd/cartographie.md
CourseDrive;CourseDrive;chauffeurId;String?;true;profil_prestation_localisation;volume_chiffre_requis_ou_donnee_publique;true;docs/rgpd/cartographie.md
CourseDrive;CourseDrive;societeId;String?;true;profil_prestation_localisation;volume_chiffre_requis_ou_donnee_publique;true;docs/rgpd/cartographie.md
CourseDrive;CourseDrive;vehiculeId;String?;true;profil_prestation_localisation;volume_chiffre_requis_ou_donnee_publique;false;docs/rgpd/cartographie.md
CourseDrive;CourseDrive;statut;String;false;profil_prestation_localisation;volume_chiffre_requis_ou_donnee_publique;true;docs/rgpd/cartographie.md
CourseDrive;CourseDrive;region;String;false;profil_prestation_localisation;volume_chiffre_requis_ou_donnee_publique;false;docs/rgpd/cartographie.md
CourseDrive;CourseDrive;departAdresse;String;false;profil_prestation_localisation;AES-256-GCM;false;docs/rgpd/cartographie.md
CourseDrive;CourseDrive;departLatitude;Float;false;profil_prestation_localisation;volume_chiffre_requis_ou_donnee_publique;false;docs/rgpd/cartographie.md
CourseDrive;CourseDrive;departLongitude;Float;false;profil_prestation_localisation;volume_chiffre_requis_ou_donnee_publique;false;docs/rgpd/cartographie.md
CourseDrive;CourseDrive;arriveeAdresse;String;false;profil_prestation_localisation;AES-256-GCM;false;docs/rgpd/cartographie.md
CourseDrive;CourseDrive;arriveeLatitude;Float;false;profil_prestation_localisation;volume_chiffre_requis_ou_donnee_publique;false;docs/rgpd/cartographie.md
CourseDrive;CourseDrive;arriveeLongitude;Float;false;profil_prestation_localisation;volume_chiffre_requis_ou_donnee_publique;false;docs/rgpd/cartographie.md
CourseDrive;CourseDrive;distanceMetres;Int;false;profil_prestation_localisation;volume_chiffre_requis_ou_donnee_publique;false;docs/rgpd/cartographie.md
CourseDrive;CourseDrive;dureeSecondes;Int;false;profil_prestation_localisation;volume_chiffre_requis_ou_donnee_publique;false;docs/rgpd/cartographie.md
CourseDrive;CourseDrive;prixCentimes;Int;false;profil_prestation_localisation;volume_chiffre_requis_ou_donnee_publique;false;docs/rgpd/cartographie.md
CourseDrive;CourseDrive;surgeFactor;Float?;true;profil_prestation_localisation;volume_chiffre_requis_ou_donnee_publique;false;docs/rgpd/cartographie.md
CourseDrive;CourseDrive;devise;String;false;profil_prestation_localisation;volume_chiffre_requis_ou_donnee_publique;false;docs/rgpd/cartographie.md
CourseDrive;CourseDrive;tarifApplique;Json;false;profil_prestation_localisation;volume_chiffre_requis_ou_donnee_publique;false;docs/rgpd/cartographie.md
CourseDrive;CourseDrive;accepteeLe;DateTime?;true;profil_prestation_localisation;volume_chiffre_requis_ou_donnee_publique;false;docs/rgpd/cartographie.md
CourseDrive;CourseDrive;arriveeLe;DateTime?;true;profil_prestation_localisation;volume_chiffre_requis_ou_donnee_publique;false;docs/rgpd/cartographie.md
CourseDrive;CourseDrive;debutLe;DateTime?;true;profil_prestation_localisation;volume_chiffre_requis_ou_donnee_publique;false;docs/rgpd/cartographie.md
CourseDrive;CourseDrive;termineeLe;DateTime?;true;profil_prestation_localisation;volume_chiffre_requis_ou_donnee_publique;false;docs/rgpd/cartographie.md
CourseDrive;CourseDrive;annuleeLe;DateTime?;true;profil_prestation_localisation;volume_chiffre_requis_ou_donnee_publique;false;docs/rgpd/cartographie.md
CourseDrive;CourseDrive;annuleePar;String?;true;profil_prestation_localisation;volume_chiffre_requis_ou_donnee_publique;false;docs/rgpd/cartographie.md
CourseDrive;CourseDrive;motifAnnulation;String?;true;profil_prestation_localisation;AES-256-GCM;false;docs/rgpd/cartographie.md
CourseDrive;CourseDrive;passager;User?;true;profil_prestation_localisation;relation_autorisee;false;docs/rgpd/cartographie.md
CourseDrive;CourseDrive;chauffeur;ChauffeurDrive?;true;profil_prestation_localisation;relation_autorisee;false;docs/rgpd/cartographie.md
CourseDrive;CourseDrive;societe;SocieteDrive?;true;profil_prestation_localisation;relation_autorisee;false;docs/rgpd/cartographie.md
CourseDrive;CourseDrive;vehicule;VehiculeDrive?;true;profil_prestation_localisation;relation_autorisee;false;docs/rgpd/cartographie.md
CourseDrive;CourseDrive;propositions;PropositionCourseDrive[];false;profil_prestation_localisation;relation_autorisee;false;docs/rgpd/cartographie.md
CourseDrive;CourseDrive;alerteSos;AlerteSosDrive?;true;profil_prestation_localisation;relation_autorisee;false;docs/rgpd/cartographie.md
CourseDrive;CourseDrive;messages;MessageCourseDrive[];false;profil_prestation_localisation;relation_autorisee;false;docs/rgpd/cartographie.md
CourseDrive;CourseDrive;notes;NoteCourseDrive[];false;profil_prestation_localisation;relation_autorisee;false;docs/rgpd/cartographie.md
CourseDrive;CourseDrive;ratings;RatingCourseDrive[];false;profil_prestation_localisation;relation_autorisee;false;docs/rgpd/cartographie.md
CourseDrive;CourseDrive;paymentIntent;PaymentIntentDrive?;true;profil_prestation_localisation;relation_autorisee;false;docs/rgpd/cartographie.md
CourseDrive;CourseDrive;createdAt;DateTime;false;profil_prestation_localisation;volume_chiffre_requis_ou_donnee_publique;true;docs/rgpd/cartographie.md
CourseDrive;CourseDrive;updatedAt;DateTime;false;profil_prestation_localisation;volume_chiffre_requis_ou_donnee_publique;false;docs/rgpd/cartographie.md
PropositionCourseDrive;PropositionCourseDrive;id;String;false;profil_prestation_localisation;volume_chiffre_requis_ou_donnee_publique;true;docs/rgpd/cartographie.md
PropositionCourseDrive;PropositionCourseDrive;courseId;String;false;profil_prestation_localisation;volume_chiffre_requis_ou_donnee_publique;true;docs/rgpd/cartographie.md
PropositionCourseDrive;PropositionCourseDrive;chauffeurId;String;false;profil_prestation_localisation;volume_chiffre_requis_ou_donnee_publique;true;docs/rgpd/cartographie.md
PropositionCourseDrive;PropositionCourseDrive;statut;String;false;profil_prestation_localisation;volume_chiffre_requis_ou_donnee_publique;true;docs/rgpd/cartographie.md
PropositionCourseDrive;PropositionCourseDrive;distanceMetres;Int;false;profil_prestation_localisation;volume_chiffre_requis_ou_donnee_publique;false;docs/rgpd/cartographie.md
PropositionCourseDrive;PropositionCourseDrive;expireA;DateTime;false;profil_prestation_localisation;volume_chiffre_requis_ou_donnee_publique;true;docs/rgpd/cartographie.md
PropositionCourseDrive;PropositionCourseDrive;reponduLe;DateTime?;true;profil_prestation_localisation;volume_chiffre_requis_ou_donnee_publique;false;docs/rgpd/cartographie.md
PropositionCourseDrive;PropositionCourseDrive;course;CourseDrive;false;profil_prestation_localisation;relation_autorisee;false;docs/rgpd/cartographie.md
PropositionCourseDrive;PropositionCourseDrive;chauffeur;ChauffeurDrive;false;profil_prestation_localisation;relation_autorisee;false;docs/rgpd/cartographie.md
PropositionCourseDrive;PropositionCourseDrive;createdAt;DateTime;false;profil_prestation_localisation;volume_chiffre_requis_ou_donnee_publique;false;docs/rgpd/cartographie.md
NoteCourseDrive;NoteCourseDrive;id;String;false;profil_prestation_localisation;volume_chiffre_requis_ou_donnee_publique;true;docs/rgpd/cartographie.md
NoteCourseDrive;NoteCourseDrive;courseId;String;false;profil_prestation_localisation;volume_chiffre_requis_ou_donnee_publique;true;docs/rgpd/cartographie.md
NoteCourseDrive;NoteCourseDrive;auteur;String;false;profil_prestation_localisation;volume_chiffre_requis_ou_donnee_publique;true;docs/rgpd/cartographie.md
NoteCourseDrive;NoteCourseDrive;chauffeurId;String;false;profil_prestation_localisation;volume_chiffre_requis_ou_donnee_publique;true;docs/rgpd/cartographie.md
NoteCourseDrive;NoteCourseDrive;passagerId;String?;true;profil_prestation_localisation;volume_chiffre_requis_ou_donnee_publique;true;docs/rgpd/cartographie.md
NoteCourseDrive;NoteCourseDrive;note;Int;false;profil_prestation_localisation;volume_chiffre_requis_ou_donnee_publique;false;docs/rgpd/cartographie.md
NoteCourseDrive;NoteCourseDrive;commentaire;String?;true;profil_prestation_localisation;volume_chiffre_requis_ou_donnee_publique;false;docs/rgpd/cartographie.md
NoteCourseDrive;NoteCourseDrive;course;CourseDrive;false;profil_prestation_localisation;relation_autorisee;false;docs/rgpd/cartographie.md
NoteCourseDrive;NoteCourseDrive;chauffeur;ChauffeurDrive;false;profil_prestation_localisation;relation_autorisee;false;docs/rgpd/cartographie.md
NoteCourseDrive;NoteCourseDrive;passager;User?;true;profil_prestation_localisation;relation_autorisee;false;docs/rgpd/cartographie.md
NoteCourseDrive;NoteCourseDrive;createdAt;DateTime;false;profil_prestation_localisation;volume_chiffre_requis_ou_donnee_publique;false;docs/rgpd/cartographie.md
AdresseFavoriteDrive;AdresseFavoriteDrive;id;String;false;metier_revue_contexte;volume_chiffre_requis_ou_donnee_publique;true;docs/rgpd/cartographie.md
AdresseFavoriteDrive;AdresseFavoriteDrive;userId;String;false;metier_revue_contexte;volume_chiffre_requis_ou_donnee_publique;true;docs/rgpd/cartographie.md
AdresseFavoriteDrive;AdresseFavoriteDrive;type;String;false;metier_revue_contexte;volume_chiffre_requis_ou_donnee_publique;true;docs/rgpd/cartographie.md
AdresseFavoriteDrive;AdresseFavoriteDrive;adresse;String;false;metier_revue_contexte;volume_chiffre_requis_ou_donnee_publique;false;docs/rgpd/cartographie.md
AdresseFavoriteDrive;AdresseFavoriteDrive;latitude;Float;false;metier_revue_contexte;volume_chiffre_requis_ou_donnee_publique;false;docs/rgpd/cartographie.md
AdresseFavoriteDrive;AdresseFavoriteDrive;longitude;Float;false;metier_revue_contexte;volume_chiffre_requis_ou_donnee_publique;false;docs/rgpd/cartographie.md
AdresseFavoriteDrive;AdresseFavoriteDrive;codePostal;String;false;metier_revue_contexte;volume_chiffre_requis_ou_donnee_publique;false;docs/rgpd/cartographie.md
AdresseFavoriteDrive;AdresseFavoriteDrive;user;User;false;metier_revue_contexte;relation_autorisee;false;docs/rgpd/cartographie.md
AdresseFavoriteDrive;AdresseFavoriteDrive;createdAt;DateTime;false;metier_revue_contexte;volume_chiffre_requis_ou_donnee_publique;false;docs/rgpd/cartographie.md
AdresseFavoriteDrive;AdresseFavoriteDrive;updatedAt;DateTime;false;metier_revue_contexte;volume_chiffre_requis_ou_donnee_publique;false;docs/rgpd/cartographie.md
ContactConfianceDrive;ContactConfianceDrive;id;String;false;metier_revue_contexte;volume_chiffre_requis_ou_donnee_publique;true;docs/rgpd/cartographie.md
ContactConfianceDrive;ContactConfianceDrive;userId;String;false;metier_revue_contexte;volume_chiffre_requis_ou_donnee_publique;true;docs/rgpd/cartographie.md
ContactConfianceDrive;ContactConfianceDrive;nom;String;false;metier_revue_contexte;volume_chiffre_requis_ou_donnee_publique;false;docs/rgpd/cartographie.md
ContactConfianceDrive;ContactConfianceDrive;email;String;false;metier_revue_contexte;volume_chiffre_requis_ou_donnee_publique;false;docs/rgpd/cartographie.md
ContactConfianceDrive;ContactConfianceDrive;consentementLe;DateTime;false;metier_revue_contexte;volume_chiffre_requis_ou_donnee_publique;false;docs/rgpd/cartographie.md
ContactConfianceDrive;ContactConfianceDrive;user;User;false;metier_revue_contexte;relation_autorisee;false;docs/rgpd/cartographie.md
ContactConfianceDrive;ContactConfianceDrive;createdAt;DateTime;false;metier_revue_contexte;volume_chiffre_requis_ou_donnee_publique;false;docs/rgpd/cartographie.md
ContactConfianceDrive;ContactConfianceDrive;updatedAt;DateTime;false;metier_revue_contexte;volume_chiffre_requis_ou_donnee_publique;false;docs/rgpd/cartographie.md
AlerteSosDrive;AlerteSosDrive;id;String;false;metier_revue_contexte;volume_chiffre_requis_ou_donnee_publique;true;docs/rgpd/cartographie.md
AlerteSosDrive;AlerteSosDrive;courseId;String;false;metier_revue_contexte;volume_chiffre_requis_ou_donnee_publique;true;docs/rgpd/cartographie.md
AlerteSosDrive;AlerteSosDrive;passagerId;String?;true;metier_revue_contexte;volume_chiffre_requis_ou_donnee_publique;true;docs/rgpd/cartographie.md
AlerteSosDrive;AlerteSosDrive;latitude;Float?;true;metier_revue_contexte;volume_chiffre_requis_ou_donnee_publique;false;docs/rgpd/cartographie.md
AlerteSosDrive;AlerteSosDrive;longitude;Float?;true;metier_revue_contexte;volume_chiffre_requis_ou_donnee_publique;false;docs/rgpd/cartographie.md
AlerteSosDrive;AlerteSosDrive;ticketNumber;String?;true;metier_revue_contexte;volume_chiffre_requis_ou_donnee_publique;false;docs/rgpd/cartographie.md
AlerteSosDrive;AlerteSosDrive;equipePrevenueLe;DateTime?;true;metier_revue_contexte;volume_chiffre_requis_ou_donnee_publique;false;docs/rgpd/cartographie.md
AlerteSosDrive;AlerteSosDrive;contactPrevenuLe;DateTime?;true;metier_revue_contexte;volume_chiffre_requis_ou_donnee_publique;false;docs/rgpd/cartographie.md
AlerteSosDrive;AlerteSosDrive;course;CourseDrive;false;metier_revue_contexte;relation_autorisee;false;docs/rgpd/cartographie.md
AlerteSosDrive;AlerteSosDrive;passager;User?;true;metier_revue_contexte;relation_autorisee;false;docs/rgpd/cartographie.md
AlerteSosDrive;AlerteSosDrive;createdAt;DateTime;false;metier_revue_contexte;volume_chiffre_requis_ou_donnee_publique;false;docs/rgpd/cartographie.md
AlerteSosDrive;AlerteSosDrive;updatedAt;DateTime;false;metier_revue_contexte;volume_chiffre_requis_ou_donnee_publique;false;docs/rgpd/cartographie.md
MessageCourseDrive;MessageCourseDrive;id;String;false;metier_revue_contexte;volume_chiffre_requis_ou_donnee_publique;true;docs/rgpd/cartographie.md
MessageCourseDrive;MessageCourseDrive;courseId;String;false;metier_revue_contexte;volume_chiffre_requis_ou_donnee_publique;true;docs/rgpd/cartographie.md
MessageCourseDrive;MessageCourseDrive;auteur;String;false;metier_revue_contexte;volume_chiffre_requis_ou_donnee_publique;true;docs/rgpd/cartographie.md
MessageCourseDrive;MessageCourseDrive;texte;String;false;metier_revue_contexte;volume_chiffre_requis_ou_donnee_publique;false;docs/rgpd/cartographie.md
MessageCourseDrive;MessageCourseDrive;cleIdempotence;String;false;metier_revue_contexte;volume_chiffre_requis_ou_donnee_publique;true;docs/rgpd/cartographie.md
MessageCourseDrive;MessageCourseDrive;course;CourseDrive;false;metier_revue_contexte;relation_autorisee;false;docs/rgpd/cartographie.md
MessageCourseDrive;MessageCourseDrive;createdAt;DateTime;false;metier_revue_contexte;volume_chiffre_requis_ou_donnee_publique;true;docs/rgpd/cartographie.md
PaymentIntentDrive;PaymentIntentDrive;id;String;false;metier_revue_contexte;volume_chiffre_requis_ou_donnee_publique;true;docs/rgpd/cartographie.md
PaymentIntentDrive;PaymentIntentDrive;courseId;String;false;metier_revue_contexte;volume_chiffre_requis_ou_donnee_publique;true;docs/rgpd/cartographie.md
PaymentIntentDrive;PaymentIntentDrive;passagerId;String?;true;metier_revue_contexte;volume_chiffre_requis_ou_donnee_publique;true;docs/rgpd/cartographie.md
PaymentIntentDrive;PaymentIntentDrive;stripeId;String;false;metier_revue_contexte;volume_chiffre_requis_ou_donnee_publique;true;docs/rgpd/cartographie.md
PaymentIntentDrive;PaymentIntentDrive;amountCentimes;Int;false;metier_revue_contexte;volume_chiffre_requis_ou_donnee_publique;false;docs/rgpd/cartographie.md
PaymentIntentDrive;PaymentIntentDrive;currency;String;false;metier_revue_contexte;volume_chiffre_requis_ou_donnee_publique;false;docs/rgpd/cartographie.md
PaymentIntentDrive;PaymentIntentDrive;status;String;false;metier_revue_contexte;volume_chiffre_requis_ou_donnee_publique;true;docs/rgpd/cartographie.md
PaymentIntentDrive;PaymentIntentDrive;cancellationReason;String?;true;metier_revue_contexte;volume_chiffre_requis_ou_donnee_publique;false;docs/rgpd/cartographie.md
PaymentIntentDrive;PaymentIntentDrive;failureReason;String?;true;metier_revue_contexte;volume_chiffre_requis_ou_donnee_publique;false;docs/rgpd/cartographie.md
PaymentIntentDrive;PaymentIntentDrive;platformCommissionCentimes;Int;false;metier_revue_contexte;volume_chiffre_requis_ou_donnee_publique;false;docs/rgpd/cartographie.md
PaymentIntentDrive;PaymentIntentDrive;driverEarningsCentimes;Int;false;metier_revue_contexte;volume_chiffre_requis_ou_donnee_publique;false;docs/rgpd/cartographie.md
PaymentIntentDrive;PaymentIntentDrive;confirmedAt;DateTime?;true;metier_revue_contexte;volume_chiffre_requis_ou_donnee_publique;true;docs/rgpd/cartographie.md
PaymentIntentDrive;PaymentIntentDrive;course;CourseDrive;false;metier_revue_contexte;relation_autorisee;false;docs/rgpd/cartographie.md
PaymentIntentDrive;PaymentIntentDrive;passager;User?;true;metier_revue_contexte;relation_autorisee;false;docs/rgpd/cartographie.md
PaymentIntentDrive;PaymentIntentDrive;payout;DriverPayoutDrive?;true;metier_revue_contexte;relation_autorisee;false;docs/rgpd/cartographie.md
PaymentIntentDrive;PaymentIntentDrive;createdAt;DateTime;false;metier_revue_contexte;volume_chiffre_requis_ou_donnee_publique;false;docs/rgpd/cartographie.md
PaymentIntentDrive;PaymentIntentDrive;updatedAt;DateTime;false;metier_revue_contexte;volume_chiffre_requis_ou_donnee_publique;false;docs/rgpd/cartographie.md
DriverPayoutDrive;DriverPayoutDrive;id;String;false;metier_revue_contexte;volume_chiffre_requis_ou_donnee_publique;true;docs/rgpd/cartographie.md
DriverPayoutDrive;DriverPayoutDrive;paymentId;String;false;metier_revue_contexte;volume_chiffre_requis_ou_donnee_publique;true;docs/rgpd/cartographie.md
DriverPayoutDrive;DriverPayoutDrive;chauffeurId;String;false;metier_revue_contexte;volume_chiffre_requis_ou_donnee_publique;true;docs/rgpd/cartographie.md
DriverPayoutDrive;DriverPayoutDrive;batchId;String?;true;metier_revue_contexte;volume_chiffre_requis_ou_donnee_publique;true;docs/rgpd/cartographie.md
DriverPayoutDrive;DriverPayoutDrive;amountCentimes;Int;false;metier_revue_contexte;volume_chiffre_requis_ou_donnee_publique;false;docs/rgpd/cartographie.md
DriverPayoutDrive;DriverPayoutDrive;currency;String;false;metier_revue_contexte;volume_chiffre_requis_ou_donnee_publique;false;docs/rgpd/cartographie.md
DriverPayoutDrive;DriverPayoutDrive;status;String;false;metier_revue_contexte;volume_chiffre_requis_ou_donnee_publique;true;docs/rgpd/cartographie.md
DriverPayoutDrive;DriverPayoutDrive;periodStart;DateTime;false;metier_revue_contexte;volume_chiffre_requis_ou_donnee_publique;true;docs/rgpd/cartographie.md
DriverPayoutDrive;DriverPayoutDrive;periodEnd;DateTime;false;metier_revue_contexte;volume_chiffre_requis_ou_donnee_publique;true;docs/rgpd/cartographie.md
DriverPayoutDrive;DriverPayoutDrive;ibanSnapshot;String?;true;metier_revue_contexte;AES-256-GCM;false;docs/rgpd/cartographie.md
DriverPayoutDrive;DriverPayoutDrive;stripePayoutId;String?;true;metier_revue_contexte;volume_chiffre_requis_ou_donnee_publique;false;docs/rgpd/cartographie.md
DriverPayoutDrive;DriverPayoutDrive;processedAt;DateTime?;true;metier_revue_contexte;volume_chiffre_requis_ou_donnee_publique;false;docs/rgpd/cartographie.md
DriverPayoutDrive;DriverPayoutDrive;failureReason;String?;true;metier_revue_contexte;volume_chiffre_requis_ou_donnee_publique;false;docs/rgpd/cartographie.md
DriverPayoutDrive;DriverPayoutDrive;payment;PaymentIntentDrive;false;metier_revue_contexte;relation_autorisee;false;docs/rgpd/cartographie.md
DriverPayoutDrive;DriverPayoutDrive;chauffeur;ChauffeurDrive;false;metier_revue_contexte;relation_autorisee;false;docs/rgpd/cartographie.md
DriverPayoutDrive;DriverPayoutDrive;batch;DriverPayoutBatchDrive?;true;metier_revue_contexte;relation_autorisee;false;docs/rgpd/cartographie.md
DriverPayoutDrive;DriverPayoutDrive;createdAt;DateTime;false;metier_revue_contexte;volume_chiffre_requis_ou_donnee_publique;false;docs/rgpd/cartographie.md
DriverPayoutDrive;DriverPayoutDrive;updatedAt;DateTime;false;metier_revue_contexte;volume_chiffre_requis_ou_donnee_publique;false;docs/rgpd/cartographie.md
DriverPayoutBatchDrive;DriverPayoutBatchDrive;id;String;false;metier_revue_contexte;volume_chiffre_requis_ou_donnee_publique;true;docs/rgpd/cartographie.md
DriverPayoutBatchDrive;DriverPayoutBatchDrive;periodStart;DateTime;false;metier_revue_contexte;volume_chiffre_requis_ou_donnee_publique;true;docs/rgpd/cartographie.md
DriverPayoutBatchDrive;DriverPayoutBatchDrive;periodEnd;DateTime;false;metier_revue_contexte;volume_chiffre_requis_ou_donnee_publique;true;docs/rgpd/cartographie.md
DriverPayoutBatchDrive;DriverPayoutBatchDrive;totalAmountCentimes;Int;false;metier_revue_contexte;volume_chiffre_requis_ou_donnee_publique;false;docs/rgpd/cartographie.md
DriverPayoutBatchDrive;DriverPayoutBatchDrive;currency;String;false;metier_revue_contexte;volume_chiffre_requis_ou_donnee_publique;false;docs/rgpd/cartographie.md
DriverPayoutBatchDrive;DriverPayoutBatchDrive;status;String;false;metier_revue_contexte;volume_chiffre_requis_ou_donnee_publique;true;docs/rgpd/cartographie.md
DriverPayoutBatchDrive;DriverPayoutBatchDrive;payoutCount;Int;false;metier_revue_contexte;volume_chiffre_requis_ou_donnee_publique;false;docs/rgpd/cartographie.md
DriverPayoutBatchDrive;DriverPayoutBatchDrive;stripeTransferId;String?;true;metier_revue_contexte;volume_chiffre_requis_ou_donnee_publique;false;docs/rgpd/cartographie.md
DriverPayoutBatchDrive;DriverPayoutBatchDrive;createdAt;DateTime;false;metier_revue_contexte;volume_chiffre_requis_ou_donnee_publique;false;docs/rgpd/cartographie.md
DriverPayoutBatchDrive;DriverPayoutBatchDrive;submittedAt;DateTime?;true;metier_revue_contexte;volume_chiffre_requis_ou_donnee_publique;false;docs/rgpd/cartographie.md
DriverPayoutBatchDrive;DriverPayoutBatchDrive;processedAt;DateTime?;true;metier_revue_contexte;volume_chiffre_requis_ou_donnee_publique;false;docs/rgpd/cartographie.md
DriverPayoutBatchDrive;DriverPayoutBatchDrive;failureReason;String?;true;metier_revue_contexte;volume_chiffre_requis_ou_donnee_publique;false;docs/rgpd/cartographie.md
DriverPayoutBatchDrive;DriverPayoutBatchDrive;payouts;DriverPayoutDrive[];false;metier_revue_contexte;relation_autorisee;false;docs/rgpd/cartographie.md
StoreCustomer;StoreCustomer;id;String;false;metier_revue_contexte;volume_chiffre_requis_ou_donnee_publique;true;docs/rgpd/cartographie.md
StoreCustomer;StoreCustomer;storeId;String;false;metier_revue_contexte;volume_chiffre_requis_ou_donnee_publique;true;docs/rgpd/cartographie.md
StoreCustomer;StoreCustomer;store;Store;false;metier_revue_contexte;relation_autorisee;false;docs/rgpd/cartographie.md
StoreCustomer;StoreCustomer;customerId;String;false;metier_revue_contexte;volume_chiffre_requis_ou_donnee_publique;true;docs/rgpd/cartographie.md
StoreCustomer;StoreCustomer;customer;Customer;false;metier_revue_contexte;relation_autorisee;false;docs/rgpd/cartographie.md
StoreCustomer;StoreCustomer;notes;String?;true;metier_revue_contexte;volume_chiffre_requis_ou_donnee_publique;false;docs/rgpd/cartographie.md
StoreCustomer;StoreCustomer;status;String;false;metier_revue_contexte;volume_chiffre_requis_ou_donnee_publique;false;docs/rgpd/cartographie.md
StoreCustomer;StoreCustomer;hiddenAt;DateTime?;true;metier_revue_contexte;volume_chiffre_requis_ou_donnee_publique;false;docs/rgpd/cartographie.md
StoreCustomer;StoreCustomer;createdAt;DateTime;false;metier_revue_contexte;volume_chiffre_requis_ou_donnee_publique;false;docs/rgpd/cartographie.md
StoreCustomer;StoreCustomer;updatedAt;DateTime;false;metier_revue_contexte;volume_chiffre_requis_ou_donnee_publique;false;docs/rgpd/cartographie.md
JobLease;JobLease;name;String;false;metier_revue_contexte;volume_chiffre_requis_ou_donnee_publique;true;docs/rgpd/cartographie.md
JobLease;JobLease;owner;String;false;metier_revue_contexte;volume_chiffre_requis_ou_donnee_publique;false;docs/rgpd/cartographie.md
JobLease;JobLease;expiresAt;DateTime;false;metier_revue_contexte;volume_chiffre_requis_ou_donnee_publique;false;docs/rgpd/cartographie.md
JobLease;JobLease;updatedAt;DateTime;false;metier_revue_contexte;volume_chiffre_requis_ou_donnee_publique;false;docs/rgpd/cartographie.md
OutboxMessage;OutboxMessage;id;String;false;metier_revue_contexte;volume_chiffre_requis_ou_donnee_publique;true;docs/rgpd/cartographie.md
OutboxMessage;OutboxMessage;type;String;false;metier_revue_contexte;volume_chiffre_requis_ou_donnee_publique;false;docs/rgpd/cartographie.md
OutboxMessage;OutboxMessage;payload;Json;false;metier_revue_contexte;volume_chiffre_requis_ou_donnee_publique;false;docs/rgpd/cartographie.md
OutboxMessage;OutboxMessage;dedupeKey;String?;true;metier_revue_contexte;volume_chiffre_requis_ou_donnee_publique;true;docs/rgpd/cartographie.md
OutboxMessage;OutboxMessage;status;String;false;metier_revue_contexte;volume_chiffre_requis_ou_donnee_publique;true;docs/rgpd/cartographie.md
OutboxMessage;OutboxMessage;attempts;Int;false;metier_revue_contexte;volume_chiffre_requis_ou_donnee_publique;false;docs/rgpd/cartographie.md
OutboxMessage;OutboxMessage;maxAttempts;Int;false;metier_revue_contexte;volume_chiffre_requis_ou_donnee_publique;false;docs/rgpd/cartographie.md
OutboxMessage;OutboxMessage;nextAttemptAt;DateTime;false;metier_revue_contexte;volume_chiffre_requis_ou_donnee_publique;true;docs/rgpd/cartographie.md
OutboxMessage;OutboxMessage;lockedUntil;DateTime?;true;metier_revue_contexte;volume_chiffre_requis_ou_donnee_publique;false;docs/rgpd/cartographie.md
OutboxMessage;OutboxMessage;lastError;String?;true;metier_revue_contexte;volume_chiffre_requis_ou_donnee_publique;false;docs/rgpd/cartographie.md
OutboxMessage;OutboxMessage;createdAt;DateTime;false;metier_revue_contexte;volume_chiffre_requis_ou_donnee_publique;false;docs/rgpd/cartographie.md
OutboxMessage;OutboxMessage;processedAt;DateTime?;true;metier_revue_contexte;volume_chiffre_requis_ou_donnee_publique;false;docs/rgpd/cartographie.md
ComplianceReportDrive;ComplianceReportDrive;id;String;false;metier_revue_contexte;volume_chiffre_requis_ou_donnee_publique;true;docs/rgpd/cartographie.md
ComplianceReportDrive;ComplianceReportDrive;chauffeurId;String;false;metier_revue_contexte;volume_chiffre_requis_ou_donnee_publique;true;docs/rgpd/cartographie.md
ComplianceReportDrive;ComplianceReportDrive;riskLevel;String;false;metier_revue_contexte;volume_chiffre_requis_ou_donnee_publique;true;docs/rgpd/cartographie.md
ComplianceReportDrive;ComplianceReportDrive;complianceScore;Int;false;metier_revue_contexte;volume_chiffre_requis_ou_donnee_publique;false;docs/rgpd/cartographie.md
ComplianceReportDrive;ComplianceReportDrive;documentIntegrity;Int;false;metier_revue_contexte;volume_chiffre_requis_ou_donnee_publique;false;docs/rgpd/cartographie.md
ComplianceReportDrive;ComplianceReportDrive;completionRate;Int;false;metier_revue_contexte;volume_chiffre_requis_ou_donnee_publique;false;docs/rgpd/cartographie.md
ComplianceReportDrive;ComplianceReportDrive;stabilityRate;Int;false;metier_revue_contexte;volume_chiffre_requis_ou_donnee_publique;false;docs/rgpd/cartographie.md
ComplianceReportDrive;ComplianceReportDrive;fraudIndicators;Json;false;metier_revue_contexte;volume_chiffre_requis_ou_donnee_publique;false;docs/rgpd/cartographie.md
ComplianceReportDrive;ComplianceReportDrive;verificationPoints;Json;false;metier_revue_contexte;volume_chiffre_requis_ou_donnee_publique;false;docs/rgpd/cartographie.md
ComplianceReportDrive;ComplianceReportDrive;autoRecommendations;Json;false;metier_revue_contexte;volume_chiffre_requis_ou_donnee_publique;false;docs/rgpd/cartographie.md
ComplianceReportDrive;ComplianceReportDrive;checkedAt;DateTime;false;metier_revue_contexte;volume_chiffre_requis_ou_donnee_publique;true;docs/rgpd/cartographie.md
ComplianceReportDrive;ComplianceReportDrive;expiresAt;DateTime?;true;metier_revue_contexte;volume_chiffre_requis_ou_donnee_publique;false;docs/rgpd/cartographie.md
ComplianceReportDrive;ComplianceReportDrive;chauffeur;ChauffeurDrive;false;metier_revue_contexte;relation_autorisee;false;docs/rgpd/cartographie.md
ComplianceReportDrive;ComplianceReportDrive;createdAt;DateTime;false;metier_revue_contexte;volume_chiffre_requis_ou_donnee_publique;false;docs/rgpd/cartographie.md
ComplianceReportDrive;ComplianceReportDrive;updatedAt;DateTime;false;metier_revue_contexte;volume_chiffre_requis_ou_donnee_publique;false;docs/rgpd/cartographie.md
RatingCourseDrive;RatingCourseDrive;id;String;false;metier_revue_contexte;volume_chiffre_requis_ou_donnee_publique;true;docs/rgpd/cartographie.md
RatingCourseDrive;RatingCourseDrive;courseId;String;false;metier_revue_contexte;volume_chiffre_requis_ou_donnee_publique;true;docs/rgpd/cartographie.md
RatingCourseDrive;RatingCourseDrive;chauffeurId;String;false;metier_revue_contexte;volume_chiffre_requis_ou_donnee_publique;true;docs/rgpd/cartographie.md
RatingCourseDrive;RatingCourseDrive;passengerId;String;false;metier_revue_contexte;volume_chiffre_requis_ou_donnee_publique;true;docs/rgpd/cartographie.md
RatingCourseDrive;RatingCourseDrive;rating;Int;false;metier_revue_contexte;volume_chiffre_requis_ou_donnee_publique;false;docs/rgpd/cartographie.md
RatingCourseDrive;RatingCourseDrive;comment;String?;true;metier_revue_contexte;volume_chiffre_requis_ou_donnee_publique;false;docs/rgpd/cartographie.md
RatingCourseDrive;RatingCourseDrive;cleanliness;Int?;true;metier_revue_contexte;volume_chiffre_requis_ou_donnee_publique;false;docs/rgpd/cartographie.md
RatingCourseDrive;RatingCourseDrive;driving;Int?;true;metier_revue_contexte;volume_chiffre_requis_ou_donnee_publique;false;docs/rgpd/cartographie.md
RatingCourseDrive;RatingCourseDrive;communication;Int?;true;metier_revue_contexte;volume_chiffre_requis_ou_donnee_publique;false;docs/rgpd/cartographie.md
RatingCourseDrive;RatingCourseDrive;comfort;Int?;true;metier_revue_contexte;volume_chiffre_requis_ou_donnee_publique;false;docs/rgpd/cartographie.md
RatingCourseDrive;RatingCourseDrive;tags;Json;false;metier_revue_contexte;volume_chiffre_requis_ou_donnee_publique;false;docs/rgpd/cartographie.md
RatingCourseDrive;RatingCourseDrive;anonymous;Boolean;false;metier_revue_contexte;volume_chiffre_requis_ou_donnee_publique;false;docs/rgpd/cartographie.md
RatingCourseDrive;RatingCourseDrive;course;CourseDrive;false;metier_revue_contexte;relation_autorisee;false;docs/rgpd/cartographie.md
RatingCourseDrive;RatingCourseDrive;chauffeur;ChauffeurDrive;false;metier_revue_contexte;relation_autorisee;false;docs/rgpd/cartographie.md
RatingCourseDrive;RatingCourseDrive;passenger;User;false;metier_revue_contexte;relation_autorisee;false;docs/rgpd/cartographie.md
RatingCourseDrive;RatingCourseDrive;createdAt;DateTime;false;metier_revue_contexte;volume_chiffre_requis_ou_donnee_publique;true;docs/rgpd/cartographie.md
RatingCourseDrive;RatingCourseDrive;updatedAt;DateTime;false;metier_revue_contexte;volume_chiffre_requis_ou_donnee_publique;false;docs/rgpd/cartographie.md
PlatformSettings;PlatformSettings;id;String;false;metier_revue_contexte;volume_chiffre_requis_ou_donnee_publique;true;docs/rgpd/cartographie.md
PlatformSettings;PlatformSettings;key;String;false;metier_revue_contexte;volume_chiffre_requis_ou_donnee_publique;true;docs/rgpd/cartographie.md
PlatformSettings;PlatformSettings;value;String;false;metier_revue_contexte;volume_chiffre_requis_ou_donnee_publique;false;docs/rgpd/cartographie.md
PlatformSettings;PlatformSettings;type;String;false;metier_revue_contexte;volume_chiffre_requis_ou_donnee_publique;false;docs/rgpd/cartographie.md
PlatformSettings;PlatformSettings;description;String;false;metier_revue_contexte;volume_chiffre_requis_ou_donnee_publique;false;docs/rgpd/cartographie.md
PlatformSettings;PlatformSettings;createdAt;DateTime;false;metier_revue_contexte;volume_chiffre_requis_ou_donnee_publique;false;docs/rgpd/cartographie.md
PlatformSettings;PlatformSettings;updatedAt;DateTime;false;metier_revue_contexte;volume_chiffre_requis_ou_donnee_publique;false;docs/rgpd/cartographie.md
PlatformSettingsDrive;PlatformSettingsDrive;id;String;false;metier_revue_contexte;volume_chiffre_requis_ou_donnee_publique;true;docs/rgpd/cartographie.md
PlatformSettingsDrive;PlatformSettingsDrive;commissionPercentage;Int;false;metier_revue_contexte;volume_chiffre_requis_ou_donnee_publique;false;docs/rgpd/cartographie.md
PlatformSettingsDrive;PlatformSettingsDrive;minPayoutAmount;Int;false;metier_revue_contexte;volume_chiffre_requis_ou_donnee_publique;false;docs/rgpd/cartographie.md
PlatformSettingsDrive;PlatformSettingsDrive;payoutDay;Int;false;metier_revue_contexte;volume_chiffre_requis_ou_donnee_publique;false;docs/rgpd/cartographie.md
PlatformSettingsDrive;PlatformSettingsDrive;payoutCycle;String;false;metier_revue_contexte;volume_chiffre_requis_ou_donnee_publique;false;docs/rgpd/cartographie.md
PlatformSettingsDrive;PlatformSettingsDrive;currency;String;false;metier_revue_contexte;volume_chiffre_requis_ou_donnee_publique;false;docs/rgpd/cartographie.md
PlatformSettingsDrive;PlatformSettingsDrive;platformName;String;false;metier_revue_contexte;volume_chiffre_requis_ou_donnee_publique;false;docs/rgpd/cartographie.md
PlatformSettingsDrive;PlatformSettingsDrive;supportEmail;String?;true;metier_revue_contexte;volume_chiffre_requis_ou_donnee_publique;false;docs/rgpd/cartographie.md
PlatformSettingsDrive;PlatformSettingsDrive;supportPhone;String?;true;metier_revue_contexte;volume_chiffre_requis_ou_donnee_publique;false;docs/rgpd/cartographie.md
PlatformSettingsDrive;PlatformSettingsDrive;timezone;String;false;metier_revue_contexte;volume_chiffre_requis_ou_donnee_publique;false;docs/rgpd/cartographie.md
PlatformSettingsDrive;PlatformSettingsDrive;maintenanceMode;Boolean;false;metier_revue_contexte;volume_chiffre_requis_ou_donnee_publique;false;docs/rgpd/cartographie.md
PlatformSettingsDrive;PlatformSettingsDrive;createdAt;DateTime;false;metier_revue_contexte;volume_chiffre_requis_ou_donnee_publique;false;docs/rgpd/cartographie.md
PlatformSettingsDrive;PlatformSettingsDrive;updatedAt;DateTime;false;metier_revue_contexte;volume_chiffre_requis_ou_donnee_publique;false;docs/rgpd/cartographie.md
NotificationDrive;NotificationDrive;id;String;false;metier_revue_contexte;volume_chiffre_requis_ou_donnee_publique;true;docs/rgpd/cartographie.md
NotificationDrive;NotificationDrive;userId;String;false;metier_revue_contexte;volume_chiffre_requis_ou_donnee_publique;true;docs/rgpd/cartographie.md
NotificationDrive;NotificationDrive;chauffeurId;String?;true;metier_revue_contexte;volume_chiffre_requis_ou_donnee_publique;false;docs/rgpd/cartographie.md
NotificationDrive;NotificationDrive;type;String;false;metier_revue_contexte;volume_chiffre_requis_ou_donnee_publique;false;docs/rgpd/cartographie.md
NotificationDrive;NotificationDrive;title;String;false;metier_revue_contexte;volume_chiffre_requis_ou_donnee_publique;false;docs/rgpd/cartographie.md
NotificationDrive;NotificationDrive;message;String;false;metier_revue_contexte;volume_chiffre_requis_ou_donnee_publique;false;docs/rgpd/cartographie.md
NotificationDrive;NotificationDrive;priority;String;false;metier_revue_contexte;volume_chiffre_requis_ou_donnee_publique;false;docs/rgpd/cartographie.md
NotificationDrive;NotificationDrive;data;Json?;true;metier_revue_contexte;volume_chiffre_requis_ou_donnee_publique;false;docs/rgpd/cartographie.md
NotificationDrive;NotificationDrive;actionUrl;String?;true;metier_revue_contexte;volume_chiffre_requis_ou_donnee_publique;false;docs/rgpd/cartographie.md
NotificationDrive;NotificationDrive;read;Boolean;false;metier_revue_contexte;volume_chiffre_requis_ou_donnee_publique;true;docs/rgpd/cartographie.md
NotificationDrive;NotificationDrive;readAt;DateTime?;true;metier_revue_contexte;volume_chiffre_requis_ou_donnee_publique;false;docs/rgpd/cartographie.md
NotificationDrive;NotificationDrive;expiresAt;DateTime?;true;metier_revue_contexte;volume_chiffre_requis_ou_donnee_publique;false;docs/rgpd/cartographie.md
NotificationDrive;NotificationDrive;user;User;false;metier_revue_contexte;relation_autorisee;false;docs/rgpd/cartographie.md
NotificationDrive;NotificationDrive;createdAt;DateTime;false;metier_revue_contexte;volume_chiffre_requis_ou_donnee_publique;true;docs/rgpd/cartographie.md
AuditLog;AuditLog;id;String;false;metier_revue_contexte;volume_chiffre_requis_ou_donnee_publique;true;docs/rgpd/cartographie.md
AuditLog;AuditLog;action;String;false;metier_revue_contexte;volume_chiffre_requis_ou_donnee_publique;true;docs/rgpd/cartographie.md
AuditLog;AuditLog;actorId;String;false;metier_revue_contexte;volume_chiffre_requis_ou_donnee_publique;true;docs/rgpd/cartographie.md
AuditLog;AuditLog;actorType;String;false;metier_revue_contexte;volume_chiffre_requis_ou_donnee_publique;false;docs/rgpd/cartographie.md
AuditLog;AuditLog;resourceId;String;false;metier_revue_contexte;volume_chiffre_requis_ou_donnee_publique;true;docs/rgpd/cartographie.md
AuditLog;AuditLog;resourceType;String;false;metier_revue_contexte;volume_chiffre_requis_ou_donnee_publique;true;docs/rgpd/cartographie.md
AuditLog;AuditLog;oldValue;String?;true;metier_revue_contexte;volume_chiffre_requis_ou_donnee_publique;false;docs/rgpd/cartographie.md
AuditLog;AuditLog;newValue;String?;true;metier_revue_contexte;volume_chiffre_requis_ou_donnee_publique;false;docs/rgpd/cartographie.md
AuditLog;AuditLog;reason;String?;true;metier_revue_contexte;volume_chiffre_requis_ou_donnee_publique;false;docs/rgpd/cartographie.md
AuditLog;AuditLog;ipAddress;String?;true;metier_revue_contexte;volume_chiffre_requis_ou_donnee_publique;false;docs/rgpd/cartographie.md
AuditLog;AuditLog;userAgent;String?;true;metier_revue_contexte;volume_chiffre_requis_ou_donnee_publique;false;docs/rgpd/cartographie.md
AuditLog;AuditLog;createdAt;DateTime;false;metier_revue_contexte;volume_chiffre_requis_ou_donnee_publique;true;docs/rgpd/cartographie.md
ComplianceCheck;ComplianceCheck;id;String;false;metier_revue_contexte;volume_chiffre_requis_ou_donnee_publique;true;docs/rgpd/cartographie.md
ComplianceCheck;ComplianceCheck;chauffeurId;String;false;metier_revue_contexte;volume_chiffre_requis_ou_donnee_publique;true;docs/rgpd/cartographie.md
ComplianceCheck;ComplianceCheck;type;String;false;metier_revue_contexte;volume_chiffre_requis_ou_donnee_publique;true;docs/rgpd/cartographie.md
ComplianceCheck;ComplianceCheck;status;String;false;metier_revue_contexte;volume_chiffre_requis_ou_donnee_publique;true;docs/rgpd/cartographie.md
ComplianceCheck;ComplianceCheck;findings;Json;false;metier_revue_contexte;volume_chiffre_requis_ou_donnee_publique;false;docs/rgpd/cartographie.md
ComplianceCheck;ComplianceCheck;expiresAt;DateTime;false;metier_revue_contexte;volume_chiffre_requis_ou_donnee_publique;true;docs/rgpd/cartographie.md
ComplianceCheck;ComplianceCheck;completedAt;DateTime?;true;metier_revue_contexte;volume_chiffre_requis_ou_donnee_publique;false;docs/rgpd/cartographie.md
ComplianceCheck;ComplianceCheck;completedBy;String?;true;metier_revue_contexte;volume_chiffre_requis_ou_donnee_publique;false;docs/rgpd/cartographie.md
ComplianceCheck;ComplianceCheck;notes;String?;true;metier_revue_contexte;volume_chiffre_requis_ou_donnee_publique;false;docs/rgpd/cartographie.md
ComplianceCheck;ComplianceCheck;chauffeur;ChauffeurDrive;false;metier_revue_contexte;relation_autorisee;false;docs/rgpd/cartographie.md
ComplianceCheck;ComplianceCheck;createdAt;DateTime;false;metier_revue_contexte;volume_chiffre_requis_ou_donnee_publique;false;docs/rgpd/cartographie.md
ComplianceCheck;ComplianceCheck;updatedAt;DateTime;false;metier_revue_contexte;volume_chiffre_requis_ou_donnee_publique;false;docs/rgpd/cartographie.md
DocumentVerificationWorkflow;DocumentVerificationWorkflow;id;String;false;metier_revue_contexte;volume_chiffre_requis_ou_donnee_publique;true;docs/rgpd/cartographie.md
DocumentVerificationWorkflow;DocumentVerificationWorkflow;chauffeurId;String;false;metier_revue_contexte;volume_chiffre_requis_ou_donnee_publique;true;docs/rgpd/cartographie.md
DocumentVerificationWorkflow;DocumentVerificationWorkflow;documentType;String;false;metier_revue_contexte;volume_chiffre_requis_ou_donnee_publique;true;docs/rgpd/cartographie.md
DocumentVerificationWorkflow;DocumentVerificationWorkflow;status;String;false;metier_revue_contexte;volume_chiffre_requis_ou_donnee_publique;true;docs/rgpd/cartographie.md
DocumentVerificationWorkflow;DocumentVerificationWorkflow;uploadedAt;DateTime?;true;metier_revue_contexte;volume_chiffre_requis_ou_donnee_publique;false;docs/rgpd/cartographie.md
DocumentVerificationWorkflow;DocumentVerificationWorkflow;reviewedAt;DateTime?;true;metier_revue_contexte;volume_chiffre_requis_ou_donnee_publique;false;docs/rgpd/cartographie.md
DocumentVerificationWorkflow;DocumentVerificationWorkflow;reviewedBy;String?;true;metier_revue_contexte;volume_chiffre_requis_ou_donnee_publique;false;docs/rgpd/cartographie.md
DocumentVerificationWorkflow;DocumentVerificationWorkflow;rejectionReason;String?;true;metier_revue_contexte;volume_chiffre_requis_ou_donnee_publique;false;docs/rgpd/cartographie.md
DocumentVerificationWorkflow;DocumentVerificationWorkflow;nextReviewDate;DateTime?;true;metier_revue_contexte;volume_chiffre_requis_ou_donnee_publique;true;docs/rgpd/cartographie.md
DocumentVerificationWorkflow;DocumentVerificationWorkflow;chauffeur;ChauffeurDrive;false;metier_revue_contexte;relation_autorisee;false;docs/rgpd/cartographie.md
DocumentVerificationWorkflow;DocumentVerificationWorkflow;createdAt;DateTime;false;metier_revue_contexte;volume_chiffre_requis_ou_donnee_publique;false;docs/rgpd/cartographie.md
DocumentVerificationWorkflow;DocumentVerificationWorkflow;updatedAt;DateTime;false;metier_revue_contexte;volume_chiffre_requis_ou_donnee_publique;false;docs/rgpd/cartographie.md
ComplianceReport;ComplianceReport;id;String;false;metier_revue_contexte;volume_chiffre_requis_ou_donnee_publique;true;docs/rgpd/cartographie.md
ComplianceReport;ComplianceReport;reportType;String;false;metier_revue_contexte;volume_chiffre_requis_ou_donnee_publique;true;docs/rgpd/cartographie.md
ComplianceReport;ComplianceReport;generatedAt;DateTime;false;metier_revue_contexte;volume_chiffre_requis_ou_donnee_publique;true;docs/rgpd/cartographie.md
ComplianceReport;ComplianceReport;generatedBy;String;false;metier_revue_contexte;volume_chiffre_requis_ou_donnee_publique;false;docs/rgpd/cartographie.md
ComplianceReport;ComplianceReport;totalDrivers;Int;false;metier_revue_contexte;volume_chiffre_requis_ou_donnee_publique;false;docs/rgpd/cartographie.md
ComplianceReport;ComplianceReport;driversWithValidDocuments;Int;false;metier_revue_contexte;volume_chiffre_requis_ou_donnee_publique;false;docs/rgpd/cartographie.md
ComplianceReport;ComplianceReport;driversWithExpiringDocuments;Int;false;metier_revue_contexte;volume_chiffre_requis_ou_donnee_publique;false;docs/rgpd/cartographie.md
ComplianceReport;ComplianceReport;driversWithInfractions;Int;false;metier_revue_contexte;volume_chiffre_requis_ou_donnee_publique;false;docs/rgpd/cartographie.md
ComplianceReport;ComplianceReport;driversWithLowRating;Int;false;metier_revue_contexte;volume_chiffre_requis_ou_donnee_publique;false;docs/rgpd/cartographie.md
ComplianceReport;ComplianceReport;complianceRate;Float;false;metier_revue_contexte;volume_chiffre_requis_ou_donnee_publique;false;docs/rgpd/cartographie.md
ComplianceReport;ComplianceReport;riskScore;Float;false;metier_revue_contexte;volume_chiffre_requis_ou_donnee_publique;false;docs/rgpd/cartographie.md
ComplianceReport;ComplianceReport;recommendations;Json;false;metier_revue_contexte;volume_chiffre_requis_ou_donnee_publique;false;docs/rgpd/cartographie.md
ChauffeurDocument;ChauffeurDocument;id;String;false;metier_revue_contexte;volume_chiffre_requis_ou_donnee_publique;true;docs/rgpd/cartographie.md
ChauffeurDocument;ChauffeurDocument;chauffeurId;String;false;metier_revue_contexte;volume_chiffre_requis_ou_donnee_publique;true;docs/rgpd/cartographie.md
ChauffeurDocument;ChauffeurDocument;type;String;false;metier_revue_contexte;volume_chiffre_requis_ou_donnee_publique;true;docs/rgpd/cartographie.md
ChauffeurDocument;ChauffeurDocument;status;String;false;metier_revue_contexte;volume_chiffre_requis_ou_donnee_publique;true;docs/rgpd/cartographie.md
ChauffeurDocument;ChauffeurDocument;url;String;false;metier_revue_contexte;volume_chiffre_requis_ou_donnee_publique;false;docs/rgpd/cartographie.md
ChauffeurDocument;ChauffeurDocument;expiresAt;DateTime;false;metier_revue_contexte;volume_chiffre_requis_ou_donnee_publique;true;docs/rgpd/cartographie.md
ChauffeurDocument;ChauffeurDocument;verifiedAt;DateTime?;true;metier_revue_contexte;volume_chiffre_requis_ou_donnee_publique;false;docs/rgpd/cartographie.md
ChauffeurDocument;ChauffeurDocument;verifiedBy;String?;true;metier_revue_contexte;volume_chiffre_requis_ou_donnee_publique;false;docs/rgpd/cartographie.md
ChauffeurDocument;ChauffeurDocument;chauffeur;ChauffeurDrive;false;metier_revue_contexte;relation_autorisee;false;docs/rgpd/cartographie.md
ChauffeurDocument;ChauffeurDocument;createdAt;DateTime;false;metier_revue_contexte;volume_chiffre_requis_ou_donnee_publique;false;docs/rgpd/cartographie.md
ChauffeurDocument;ChauffeurDocument;updatedAt;DateTime;false;metier_revue_contexte;volume_chiffre_requis_ou_donnee_publique;false;docs/rgpd/cartographie.md
ChauffeurInfraction;ChauffeurInfraction;id;String;false;metier_revue_contexte;volume_chiffre_requis_ou_donnee_publique;true;docs/rgpd/cartographie.md
ChauffeurInfraction;ChauffeurInfraction;chauffeurId;String;false;metier_revue_contexte;volume_chiffre_requis_ou_donnee_publique;true;docs/rgpd/cartographie.md
ChauffeurInfraction;ChauffeurInfraction;type;String;false;metier_revue_contexte;volume_chiffre_requis_ou_donnee_publique;true;docs/rgpd/cartographie.md
ChauffeurInfraction;ChauffeurInfraction;description;String;false;metier_revue_contexte;volume_chiffre_requis_ou_donnee_publique;false;docs/rgpd/cartographie.md
ChauffeurInfraction;ChauffeurInfraction;severity;String;false;metier_revue_contexte;volume_chiffre_requis_ou_donnee_publique;true;docs/rgpd/cartographie.md
ChauffeurInfraction;ChauffeurInfraction;createdAt;DateTime;false;metier_revue_contexte;volume_chiffre_requis_ou_donnee_publique;false;docs/rgpd/cartographie.md
ChauffeurInfraction;ChauffeurInfraction;resolvedAt;DateTime?;true;metier_revue_contexte;volume_chiffre_requis_ou_donnee_publique;true;docs/rgpd/cartographie.md
ChauffeurInfraction;ChauffeurInfraction;resolution;String?;true;metier_revue_contexte;volume_chiffre_requis_ou_donnee_publique;false;docs/rgpd/cartographie.md
ChauffeurInfraction;ChauffeurInfraction;chauffeur;ChauffeurDrive;false;metier_revue_contexte;relation_autorisee;false;docs/rgpd/cartographie.md
SupportTicket;SupportTicket;id;String;false;metier_revue_contexte;volume_chiffre_requis_ou_donnee_publique;true;docs/rgpd/cartographie.md
SupportTicket;SupportTicket;ticketNumber;String;false;metier_revue_contexte;volume_chiffre_requis_ou_donnee_publique;true;docs/rgpd/cartographie.md
SupportTicket;SupportTicket;category;String;false;metier_revue_contexte;volume_chiffre_requis_ou_donnee_publique;true;docs/rgpd/cartographie.md
SupportTicket;SupportTicket;priority;String;false;metier_revue_contexte;volume_chiffre_requis_ou_donnee_publique;true;docs/rgpd/cartographie.md
SupportTicket;SupportTicket;subject;String;false;metier_revue_contexte;volume_chiffre_requis_ou_donnee_publique;false;docs/rgpd/cartographie.md
SupportTicket;SupportTicket;description;String;false;metier_revue_contexte;volume_chiffre_requis_ou_donnee_publique;false;docs/rgpd/cartographie.md
SupportTicket;SupportTicket;status;String;false;metier_revue_contexte;volume_chiffre_requis_ou_donnee_publique;true;docs/rgpd/cartographie.md
SupportTicket;SupportTicket;reporterId;String;false;metier_revue_contexte;volume_chiffre_requis_ou_donnee_publique;true;docs/rgpd/cartographie.md
SupportTicket;SupportTicket;reporterType;String;false;metier_revue_contexte;volume_chiffre_requis_ou_donnee_publique;false;docs/rgpd/cartographie.md
SupportTicket;SupportTicket;assignedTo;String?;true;metier_revue_contexte;volume_chiffre_requis_ou_donnee_publique;true;docs/rgpd/cartographie.md
SupportTicket;SupportTicket;createdAt;DateTime;false;metier_revue_contexte;volume_chiffre_requis_ou_donnee_publique;true;docs/rgpd/cartographie.md
SupportTicket;SupportTicket;updatedAt;DateTime;false;metier_revue_contexte;volume_chiffre_requis_ou_donnee_publique;false;docs/rgpd/cartographie.md
SupportTicket;SupportTicket;resolvedAt;DateTime?;true;metier_revue_contexte;volume_chiffre_requis_ou_donnee_publique;false;docs/rgpd/cartographie.md
SupportTicket;SupportTicket;resolution;String?;true;metier_revue_contexte;volume_chiffre_requis_ou_donnee_publique;false;docs/rgpd/cartographie.md
SupportTicket;SupportTicket;messages;SupportMessage[];false;metier_revue_contexte;relation_autorisee;false;docs/rgpd/cartographie.md
SupportMessage;SupportMessage;id;String;false;metier_revue_contexte;volume_chiffre_requis_ou_donnee_publique;true;docs/rgpd/cartographie.md
SupportMessage;SupportMessage;ticketId;String;false;metier_revue_contexte;volume_chiffre_requis_ou_donnee_publique;true;docs/rgpd/cartographie.md
SupportMessage;SupportMessage;authorId;String;false;metier_revue_contexte;volume_chiffre_requis_ou_donnee_publique;true;docs/rgpd/cartographie.md
SupportMessage;SupportMessage;authorType;String;false;metier_revue_contexte;volume_chiffre_requis_ou_donnee_publique;false;docs/rgpd/cartographie.md
SupportMessage;SupportMessage;message;String;false;metier_revue_contexte;volume_chiffre_requis_ou_donnee_publique;false;docs/rgpd/cartographie.md
SupportMessage;SupportMessage;attachmentUrl;String?;true;metier_revue_contexte;volume_chiffre_requis_ou_donnee_publique;false;docs/rgpd/cartographie.md
SupportMessage;SupportMessage;createdAt;DateTime;false;metier_revue_contexte;volume_chiffre_requis_ou_donnee_publique;true;docs/rgpd/cartographie.md
SupportMessage;SupportMessage;ticket;SupportTicket;false;metier_revue_contexte;relation_autorisee;false;docs/rgpd/cartographie.md
CommissionConfig;CommissionConfig;id;String;false;metier_revue_contexte;volume_chiffre_requis_ou_donnee_publique;true;docs/rgpd/cartographie.md
CommissionConfig;CommissionConfig;name;String;false;metier_revue_contexte;volume_chiffre_requis_ou_donnee_publique;true;docs/rgpd/cartographie.md
CommissionConfig;CommissionConfig;type;String;false;metier_revue_contexte;volume_chiffre_requis_ou_donnee_publique;false;docs/rgpd/cartographie.md
CommissionConfig;CommissionConfig;value;Float;false;metier_revue_contexte;volume_chiffre_requis_ou_donnee_publique;false;docs/rgpd/cartographie.md
CommissionConfig;CommissionConfig;appliesTo;String;false;metier_revue_contexte;volume_chiffre_requis_ou_donnee_publique;true;docs/rgpd/cartographie.md
CommissionConfig;CommissionConfig;description;String;false;metier_revue_contexte;volume_chiffre_requis_ou_donnee_publique;false;docs/rgpd/cartographie.md
CommissionConfig;CommissionConfig;active;Boolean;false;metier_revue_contexte;volume_chiffre_requis_ou_donnee_publique;true;docs/rgpd/cartographie.md
CommissionConfig;CommissionConfig;createdAt;DateTime;false;metier_revue_contexte;volume_chiffre_requis_ou_donnee_publique;false;docs/rgpd/cartographie.md
CommissionConfig;CommissionConfig;updatedAt;DateTime;false;metier_revue_contexte;volume_chiffre_requis_ou_donnee_publique;false;docs/rgpd/cartographie.md
RegionalConfig;RegionalConfig;id;String;false;metier_revue_contexte;volume_chiffre_requis_ou_donnee_publique;true;docs/rgpd/cartographie.md
RegionalConfig;RegionalConfig;region;String;false;metier_revue_contexte;volume_chiffre_requis_ou_donnee_publique;true;docs/rgpd/cartographie.md
RegionalConfig;RegionalConfig;minPrice;Int;false;metier_revue_contexte;volume_chiffre_requis_ou_donnee_publique;false;docs/rgpd/cartographie.md
RegionalConfig;RegionalConfig;baseSurgeMultiplier;Float;false;metier_revue_contexte;volume_chiffre_requis_ou_donnee_publique;false;docs/rgpd/cartographie.md
RegionalConfig;RegionalConfig;maxSurgeMultiplier;Float;false;metier_revue_contexte;volume_chiffre_requis_ou_donnee_publique;false;docs/rgpd/cartographie.md
RegionalConfig;RegionalConfig;peakHours;String;false;metier_revue_contexte;volume_chiffre_requis_ou_donnee_publique;false;docs/rgpd/cartographie.md
RegionalConfig;RegionalConfig;peakSurgeMultiplier;Float;false;metier_revue_contexte;volume_chiffre_requis_ou_donnee_publique;false;docs/rgpd/cartographie.md
RegionalConfig;RegionalConfig;active;Boolean;false;metier_revue_contexte;volume_chiffre_requis_ou_donnee_publique;true;docs/rgpd/cartographie.md
RegionalConfig;RegionalConfig;createdAt;DateTime;false;metier_revue_contexte;volume_chiffre_requis_ou_donnee_publique;false;docs/rgpd/cartographie.md
RegionalConfig;RegionalConfig;updatedAt;DateTime;false;metier_revue_contexte;volume_chiffre_requis_ou_donnee_publique;false;docs/rgpd/cartographie.md
PricingRule;PricingRule;id;String;false;metier_revue_contexte;volume_chiffre_requis_ou_donnee_publique;true;docs/rgpd/cartographie.md
PricingRule;PricingRule;name;String;false;metier_revue_contexte;volume_chiffre_requis_ou_donnee_publique;true;docs/rgpd/cartographie.md
PricingRule;PricingRule;type;String;false;metier_revue_contexte;volume_chiffre_requis_ou_donnee_publique;true;docs/rgpd/cartographie.md
PricingRule;PricingRule;basePricePerKm;Int;false;metier_revue_contexte;volume_chiffre_requis_ou_donnee_publique;false;docs/rgpd/cartographie.md
PricingRule;PricingRule;basePricePerMin;Int;false;metier_revue_contexte;volume_chiffre_requis_ou_donnee_publique;false;docs/rgpd/cartographie.md
PricingRule;PricingRule;minPrice;Int;false;metier_revue_contexte;volume_chiffre_requis_ou_donnee_publique;false;docs/rgpd/cartographie.md
PricingRule;PricingRule;maxPrice;Int?;true;metier_revue_contexte;volume_chiffre_requis_ou_donnee_publique;false;docs/rgpd/cartographie.md
PricingRule;PricingRule;description;String;false;metier_revue_contexte;volume_chiffre_requis_ou_donnee_publique;false;docs/rgpd/cartographie.md
PricingRule;PricingRule;active;Boolean;false;metier_revue_contexte;volume_chiffre_requis_ou_donnee_publique;true;docs/rgpd/cartographie.md
PricingRule;PricingRule;createdAt;DateTime;false;metier_revue_contexte;volume_chiffre_requis_ou_donnee_publique;false;docs/rgpd/cartographie.md
PricingRule;PricingRule;updatedAt;DateTime;false;metier_revue_contexte;volume_chiffre_requis_ou_donnee_publique;false;docs/rgpd/cartographie.md
NotificationTemplate;NotificationTemplate;id;String;false;metier_revue_contexte;volume_chiffre_requis_ou_donnee_publique;true;docs/rgpd/cartographie.md
NotificationTemplate;NotificationTemplate;key;String;false;metier_revue_contexte;volume_chiffre_requis_ou_donnee_publique;true;docs/rgpd/cartographie.md
NotificationTemplate;NotificationTemplate;name;String;false;metier_revue_contexte;volume_chiffre_requis_ou_donnee_publique;false;docs/rgpd/cartographie.md
NotificationTemplate;NotificationTemplate;type;String;false;metier_revue_contexte;volume_chiffre_requis_ou_donnee_publique;true;docs/rgpd/cartographie.md
NotificationTemplate;NotificationTemplate;subject;String?;true;metier_revue_contexte;volume_chiffre_requis_ou_donnee_publique;false;docs/rgpd/cartographie.md
NotificationTemplate;NotificationTemplate;body;String;false;metier_revue_contexte;volume_chiffre_requis_ou_donnee_publique;false;docs/rgpd/cartographie.md
NotificationTemplate;NotificationTemplate;variables;String;false;metier_revue_contexte;volume_chiffre_requis_ou_donnee_publique;false;docs/rgpd/cartographie.md
NotificationTemplate;NotificationTemplate;active;Boolean;false;metier_revue_contexte;volume_chiffre_requis_ou_donnee_publique;true;docs/rgpd/cartographie.md
NotificationTemplate;NotificationTemplate;createdAt;DateTime;false;metier_revue_contexte;volume_chiffre_requis_ou_donnee_publique;false;docs/rgpd/cartographie.md
NotificationTemplate;NotificationTemplate;updatedAt;DateTime;false;metier_revue_contexte;volume_chiffre_requis_ou_donnee_publique;false;docs/rgpd/cartographie.md
NotificationLog;NotificationLog;id;String;false;metier_revue_contexte;volume_chiffre_requis_ou_donnee_publique;true;docs/rgpd/cartographie.md
NotificationLog;NotificationLog;dedupeKey;String?;true;metier_revue_contexte;volume_chiffre_requis_ou_donnee_publique;true;docs/rgpd/cartographie.md
NotificationLog;NotificationLog;recipientId;String;false;metier_revue_contexte;volume_chiffre_requis_ou_donnee_publique;true;docs/rgpd/cartographie.md
NotificationLog;NotificationLog;recipientType;String;false;metier_revue_contexte;volume_chiffre_requis_ou_donnee_publique;false;docs/rgpd/cartographie.md
NotificationLog;NotificationLog;type;String;false;metier_revue_contexte;volume_chiffre_requis_ou_donnee_publique;true;docs/rgpd/cartographie.md
NotificationLog;NotificationLog;templateKey;String;false;metier_revue_contexte;volume_chiffre_requis_ou_donnee_publique;true;docs/rgpd/cartographie.md
NotificationLog;NotificationLog;status;String;false;metier_revue_contexte;volume_chiffre_requis_ou_donnee_publique;true;docs/rgpd/cartographie.md
NotificationLog;NotificationLog;recipient;String;false;metier_revue_contexte;volume_chiffre_requis_ou_donnee_publique;false;docs/rgpd/cartographie.md
NotificationLog;NotificationLog;subject;String?;true;metier_revue_contexte;volume_chiffre_requis_ou_donnee_publique;false;docs/rgpd/cartographie.md
NotificationLog;NotificationLog;body;String;false;metier_revue_contexte;volume_chiffre_requis_ou_donnee_publique;false;docs/rgpd/cartographie.md
NotificationLog;NotificationLog;variables;String;false;metier_revue_contexte;volume_chiffre_requis_ou_donnee_publique;false;docs/rgpd/cartographie.md
NotificationLog;NotificationLog;errorMessage;String?;true;metier_revue_contexte;volume_chiffre_requis_ou_donnee_publique;false;docs/rgpd/cartographie.md
NotificationLog;NotificationLog;sentAt;DateTime?;true;metier_revue_contexte;volume_chiffre_requis_ou_donnee_publique;false;docs/rgpd/cartographie.md
NotificationLog;NotificationLog;failedAt;DateTime?;true;metier_revue_contexte;volume_chiffre_requis_ou_donnee_publique;false;docs/rgpd/cartographie.md
NotificationLog;NotificationLog;createdAt;DateTime;false;metier_revue_contexte;volume_chiffre_requis_ou_donnee_publique;true;docs/rgpd/cartographie.md
NotificationAlert;NotificationAlert;id;String;false;metier_revue_contexte;volume_chiffre_requis_ou_donnee_publique;true;docs/rgpd/cartographie.md
NotificationAlert;NotificationAlert;chauffeurId;String;false;metier_revue_contexte;volume_chiffre_requis_ou_donnee_publique;true;docs/rgpd/cartographie.md
NotificationAlert;NotificationAlert;type;String;false;metier_revue_contexte;volume_chiffre_requis_ou_donnee_publique;true;docs/rgpd/cartographie.md
NotificationAlert;NotificationAlert;severity;String;false;metier_revue_contexte;volume_chiffre_requis_ou_donnee_publique;true;docs/rgpd/cartographie.md
NotificationAlert;NotificationAlert;title;String;false;metier_revue_contexte;volume_chiffre_requis_ou_donnee_publique;false;docs/rgpd/cartographie.md
NotificationAlert;NotificationAlert;message;String;false;metier_revue_contexte;volume_chiffre_requis_ou_donnee_publique;false;docs/rgpd/cartographie.md
NotificationAlert;NotificationAlert;triggerAction;String?;true;metier_revue_contexte;volume_chiffre_requis_ou_donnee_publique;false;docs/rgpd/cartographie.md
NotificationAlert;NotificationAlert;read;Boolean;false;metier_revue_contexte;volume_chiffre_requis_ou_donnee_publique;true;docs/rgpd/cartographie.md
NotificationAlert;NotificationAlert;readAt;DateTime?;true;metier_revue_contexte;volume_chiffre_requis_ou_donnee_publique;false;docs/rgpd/cartographie.md
NotificationAlert;NotificationAlert;createdAt;DateTime;false;metier_revue_contexte;volume_chiffre_requis_ou_donnee_publique;true;docs/rgpd/cartographie.md
NotificationAlert;NotificationAlert;chauffeur;ChauffeurDrive;false;metier_revue_contexte;relation_autorisee;false;docs/rgpd/cartographie.md
ScheduledReport;ScheduledReport;id;String;false;metier_revue_contexte;volume_chiffre_requis_ou_donnee_publique;true;docs/rgpd/cartographie.md
ScheduledReport;ScheduledReport;name;String;false;metier_revue_contexte;volume_chiffre_requis_ou_donnee_publique;false;docs/rgpd/cartographie.md
ScheduledReport;ScheduledReport;reportType;String;false;metier_revue_contexte;volume_chiffre_requis_ou_donnee_publique;true;docs/rgpd/cartographie.md
ScheduledReport;ScheduledReport;frequency;String;false;metier_revue_contexte;volume_chiffre_requis_ou_donnee_publique;true;docs/rgpd/cartographie.md
ScheduledReport;ScheduledReport;recipients;String;false;metier_revue_contexte;volume_chiffre_requis_ou_donnee_publique;false;docs/rgpd/cartographie.md
ScheduledReport;ScheduledReport;format;String;false;metier_revue_contexte;volume_chiffre_requis_ou_donnee_publique;false;docs/rgpd/cartographie.md
ScheduledReport;ScheduledReport;lastGeneratedAt;DateTime?;true;metier_revue_contexte;volume_chiffre_requis_ou_donnee_publique;false;docs/rgpd/cartographie.md
ScheduledReport;ScheduledReport;nextGenerationAt;DateTime;false;metier_revue_contexte;volume_chiffre_requis_ou_donnee_publique;true;docs/rgpd/cartographie.md
ScheduledReport;ScheduledReport;active;Boolean;false;metier_revue_contexte;volume_chiffre_requis_ou_donnee_publique;true;docs/rgpd/cartographie.md
ScheduledReport;ScheduledReport;createdAt;DateTime;false;metier_revue_contexte;volume_chiffre_requis_ou_donnee_publique;false;docs/rgpd/cartographie.md
ScheduledReport;ScheduledReport;updatedAt;DateTime;false;metier_revue_contexte;volume_chiffre_requis_ou_donnee_publique;false;docs/rgpd/cartographie.md
WebhookEndpoint;WebhookEndpoint;id;String;false;metier_revue_contexte;volume_chiffre_requis_ou_donnee_publique;true;docs/rgpd/cartographie.md
WebhookEndpoint;WebhookEndpoint;url;String;false;metier_revue_contexte;volume_chiffre_requis_ou_donnee_publique;true;docs/rgpd/cartographie.md
WebhookEndpoint;WebhookEndpoint;events;String;false;metier_revue_contexte;volume_chiffre_requis_ou_donnee_publique;false;docs/rgpd/cartographie.md
WebhookEndpoint;WebhookEndpoint;active;Boolean;false;metier_revue_contexte;volume_chiffre_requis_ou_donnee_publique;true;docs/rgpd/cartographie.md
WebhookEndpoint;WebhookEndpoint;secret;String;false;metier_revue_contexte;volume_chiffre_requis_ou_donnee_publique;true;docs/rgpd/cartographie.md
WebhookEndpoint;WebhookEndpoint;retryPolicy;String;false;metier_revue_contexte;volume_chiffre_requis_ou_donnee_publique;false;docs/rgpd/cartographie.md
WebhookEndpoint;WebhookEndpoint;createdAt;DateTime;false;metier_revue_contexte;volume_chiffre_requis_ou_donnee_publique;false;docs/rgpd/cartographie.md
WebhookEndpoint;WebhookEndpoint;updatedAt;DateTime;false;metier_revue_contexte;volume_chiffre_requis_ou_donnee_publique;false;docs/rgpd/cartographie.md
WebhookEndpoint;WebhookEndpoint;deliveries;WebhookDeliveryDrive[];false;metier_revue_contexte;relation_autorisee;false;docs/rgpd/cartographie.md
WebhookEvent;WebhookEvent;id;String;false;metier_revue_contexte;volume_chiffre_requis_ou_donnee_publique;true;docs/rgpd/cartographie.md
WebhookEvent;WebhookEvent;eventType;String;false;metier_revue_contexte;volume_chiffre_requis_ou_donnee_publique;true;docs/rgpd/cartographie.md
WebhookEvent;WebhookEvent;resourceType;String;false;metier_revue_contexte;volume_chiffre_requis_ou_donnee_publique;false;docs/rgpd/cartographie.md
WebhookEvent;WebhookEvent;resourceId;String;false;metier_revue_contexte;volume_chiffre_requis_ou_donnee_publique;true;docs/rgpd/cartographie.md
WebhookEvent;WebhookEvent;data;String;false;metier_revue_contexte;volume_chiffre_requis_ou_donnee_publique;false;docs/rgpd/cartographie.md
WebhookEvent;WebhookEvent;timestamp;DateTime;false;metier_revue_contexte;volume_chiffre_requis_ou_donnee_publique;true;docs/rgpd/cartographie.md
WebhookEvent;WebhookEvent;delivered;Boolean;false;metier_revue_contexte;volume_chiffre_requis_ou_donnee_publique;true;docs/rgpd/cartographie.md
WebhookEvent;WebhookEvent;deliveredAt;DateTime?;true;metier_revue_contexte;volume_chiffre_requis_ou_donnee_publique;false;docs/rgpd/cartographie.md
WebhookEvent;WebhookEvent;nextRetryAt;DateTime?;true;metier_revue_contexte;volume_chiffre_requis_ou_donnee_publique;false;docs/rgpd/cartographie.md
WebhookEvent;WebhookEvent;retryCount;Int;false;metier_revue_contexte;volume_chiffre_requis_ou_donnee_publique;false;docs/rgpd/cartographie.md
WebhookEvent;WebhookEvent;lastError;String?;true;metier_revue_contexte;volume_chiffre_requis_ou_donnee_publique;false;docs/rgpd/cartographie.md
WebhookEvent;WebhookEvent;createdAt;DateTime;false;metier_revue_contexte;volume_chiffre_requis_ou_donnee_publique;false;docs/rgpd/cartographie.md
ProviderIntegration;ProviderIntegration;id;String;false;metier_revue_contexte;volume_chiffre_requis_ou_donnee_publique;true;docs/rgpd/cartographie.md
ProviderIntegration;ProviderIntegration;provider;String;false;metier_revue_contexte;volume_chiffre_requis_ou_donnee_publique;true;docs/rgpd/cartographie.md
ProviderIntegration;ProviderIntegration;type;String;false;metier_revue_contexte;volume_chiffre_requis_ou_donnee_publique;true;docs/rgpd/cartographie.md
ProviderIntegration;ProviderIntegration;apiKey;String;false;metier_revue_contexte;volume_chiffre_requis_ou_donnee_publique;false;docs/rgpd/cartographie.md
ProviderIntegration;ProviderIntegration;webhookSigningKey;String?;true;metier_revue_contexte;volume_chiffre_requis_ou_donnee_publique;false;docs/rgpd/cartographie.md
ProviderIntegration;ProviderIntegration;active;Boolean;false;metier_revue_contexte;volume_chiffre_requis_ou_donnee_publique;true;docs/rgpd/cartographie.md
ProviderIntegration;ProviderIntegration;config;String;false;metier_revue_contexte;volume_chiffre_requis_ou_donnee_publique;false;docs/rgpd/cartographie.md
ProviderIntegration;ProviderIntegration;createdAt;DateTime;false;metier_revue_contexte;volume_chiffre_requis_ou_donnee_publique;false;docs/rgpd/cartographie.md
ProviderIntegration;ProviderIntegration;updatedAt;DateTime;false;metier_revue_contexte;volume_chiffre_requis_ou_donnee_publique;false;docs/rgpd/cartographie.md
RefundOperation;RefundOperation;id;String;false;metier_revue_contexte;volume_chiffre_requis_ou_donnee_publique;true;docs/rgpd/cartographie.md
RefundOperation;RefundOperation;paymentId;String;false;metier_revue_contexte;volume_chiffre_requis_ou_donnee_publique;true;docs/rgpd/cartographie.md
RefundOperation;RefundOperation;payment;Payment;false;metier_revue_contexte;relation_autorisee;false;docs/rgpd/cartographie.md
RefundOperation;RefundOperation;paymentIntentId;String;false;metier_revue_contexte;volume_chiffre_requis_ou_donnee_publique;false;docs/rgpd/cartographie.md
RefundOperation;RefundOperation;amountCents;Int;false;metier_revue_contexte;volume_chiffre_requis_ou_donnee_publique;false;docs/rgpd/cartographie.md
RefundOperation;RefundOperation;currency;String;false;metier_revue_contexte;volume_chiffre_requis_ou_donnee_publique;false;docs/rgpd/cartographie.md
RefundOperation;RefundOperation;reason;String;false;metier_revue_contexte;volume_chiffre_requis_ou_donnee_publique;false;docs/rgpd/cartographie.md
RefundOperation;RefundOperation;idempotencyKey;String;false;metier_revue_contexte;volume_chiffre_requis_ou_donnee_publique;true;docs/rgpd/cartographie.md
RefundOperation;RefundOperation;status;RefundOperationStatus;false;metier_revue_contexte;volume_chiffre_requis_ou_donnee_publique;true;docs/rgpd/cartographie.md
RefundOperation;RefundOperation;stripeRefundId;String?;true;metier_revue_contexte;volume_chiffre_requis_ou_donnee_publique;true;docs/rgpd/cartographie.md
RefundOperation;RefundOperation;attempts;Int;false;metier_revue_contexte;volume_chiffre_requis_ou_donnee_publique;false;docs/rgpd/cartographie.md
RefundOperation;RefundOperation;version;Int;false;metier_revue_contexte;volume_chiffre_requis_ou_donnee_publique;false;docs/rgpd/cartographie.md
RefundOperation;RefundOperation;firstCallAt;DateTime?;true;metier_revue_contexte;volume_chiffre_requis_ou_donnee_publique;false;docs/rgpd/cartographie.md
RefundOperation;RefundOperation;nextAttemptAt;DateTime;false;metier_revue_contexte;volume_chiffre_requis_ou_donnee_publique;true;docs/rgpd/cartographie.md
RefundOperation;RefundOperation;lockedUntil;DateTime?;true;metier_revue_contexte;volume_chiffre_requis_ou_donnee_publique;false;docs/rgpd/cartographie.md
RefundOperation;RefundOperation;lastError;String?;true;metier_revue_contexte;volume_chiffre_requis_ou_donnee_publique;false;docs/rgpd/cartographie.md
RefundOperation;RefundOperation;completedAt;DateTime?;true;metier_revue_contexte;volume_chiffre_requis_ou_donnee_publique;false;docs/rgpd/cartographie.md
RefundOperation;RefundOperation;createdAt;DateTime;false;metier_revue_contexte;volume_chiffre_requis_ou_donnee_publique;false;docs/rgpd/cartographie.md
RefundOperation;RefundOperation;updatedAt;DateTime;false;metier_revue_contexte;volume_chiffre_requis_ou_donnee_publique;false;docs/rgpd/cartographie.md
RefundOperation;RefundOperation;history;RefundOperationEvent[];false;metier_revue_contexte;relation_autorisee;false;docs/rgpd/cartographie.md
RefundOperationEvent;RefundOperationEvent;id;String;false;metier_revue_contexte;volume_chiffre_requis_ou_donnee_publique;true;docs/rgpd/cartographie.md
RefundOperationEvent;RefundOperationEvent;operationId;String;false;metier_revue_contexte;volume_chiffre_requis_ou_donnee_publique;true;docs/rgpd/cartographie.md
RefundOperationEvent;RefundOperationEvent;operation;RefundOperation;false;metier_revue_contexte;relation_autorisee;false;docs/rgpd/cartographie.md
RefundOperationEvent;RefundOperationEvent;status;RefundOperationStatus;false;metier_revue_contexte;volume_chiffre_requis_ou_donnee_publique;false;docs/rgpd/cartographie.md
RefundOperationEvent;RefundOperationEvent;code;String?;true;metier_revue_contexte;volume_chiffre_requis_ou_donnee_publique;false;docs/rgpd/cartographie.md
RefundOperationEvent;RefundOperationEvent;createdAt;DateTime;false;metier_revue_contexte;volume_chiffre_requis_ou_donnee_publique;true;docs/rgpd/cartographie.md
